concessionaria;ano_do_pnv_snv;rodovia_uf;sentido;km_m_inicial;latitude_inicial;latitude_final;km_m_final;longitude_inicial;longitude_final
AUTOPISTA FERNÃO DIAS;2007;Contorno/MG;Crescente;2,094;-19,979549;-19,983535;2,760;-44,160989;-44,165584
AUTOPISTA FERNÃO DIAS;2007;Contorno/MG;Decrescente;1,915;-19,977906;-19,983530;2,759;-44,160138;-44,165576
AUTOPISTA FLUMINENSE;2019;BR-101/RJ;Crescente;264,635;-22,715662;-22,711105;265,345;-42,641529;-42,646443
AUTOPISTA FLUMINENSE;2019;BR-101/RJ;Decrescente;265,415;-22,710827;-22,716240;264,570;-42,647130;-42,641219
AUTOPISTA FLUMINENSE;2019;BR-101/RJ;Crescente;273,585;-22,733601;-22,736205;274,900;-42,716113;-42,728324
AUTOPISTA FLUMINENSE;2019;BR-101/RJ;Decrescente;274,775;-22,736239;-22,733457;273,500;-42,727057;-42,715195
AUTOPISTA FLUMINENSE;2019;BR-101/RJ;Crescente;293,045;-22,754607;-22,770648;297,450;-42,890508;-42,922037
AUTOPISTA FLUMINENSE;2019;BR-101/RJ;Decrescente;296,130;-22,767204;-22,763867;295,000;-42,913047;-42,902467
AUTOPISTA FLUMINENSE;2019;BR-101/RJ;Decrescente;313,855;-22,814868;-22,808951;312,825;-43,075367;-43,067276
AUTOPISTA FLUMINENSE;2019;BR-101/RJ;Decrescente;320,270;-22,859919;-22,849530;318,665;-43,106355;-43,099771
AUTOPISTA LITORAL SUL;2009;BR-101/SC;Crescente;0,900;-25,988864;-25,996493;1,900;-48,883674;-48,879107
AUTOPISTA LITORAL SUL;2009;BR-101/SC;Crescente;19,400;-26,136346;-26,142571;20,200;-48,899366;-48,904829
AUTOPISTA LITORAL SUL;2009;BR-101/SC;Crescente;22,450;-26,161051;-26,169438;23,410;-48,907537;-48,907350
AUTOPISTA LITORAL SUL;2009;BR-101/SC;Crescente;24,150;-26,176108;-26,189610;25,700;-48,908068;-48,911871
AUTOPISTA LITORAL SUL;2009;BR-101/SC;Crescente;26,800;-26,199676;-26,205811;27,500;-48,912914;-48,914586
AUTOPISTA LITORAL SUL;2009;BR-101/SC;Crescente;29,900;-26,227082;-26,234600;30,700;-48,916660;-48,916163
AUTOPISTA LITORAL SUL;2009;BR-101/SC;Crescente;35,300;-26,270358;-26,286042;37,200;-48,895147;-48,887525
AUTOPISTA LITORAL SUL;2009;BR-101/SC;Crescente;37,700;-26,290073;-26,327498;42,400;-48,885377;-48,864669
AUTOPISTA LITORAL SUL;2009;BR-101/SC;Crescente;42,480;-26,327290;-26,331669;43,040;-48,864499;-48,862028
AUTOPISTA LITORAL SUL;2009;BR-101/SC;Crescente;43,410;-26,331671;-26,348971;45,029;-48,862017;-48,857650
AUTOPISTA LITORAL SUL;2009;BR-101/SC;Crescente;45,030;-26,349006;-26,354410;45,630;-48,857667;-48,858851
AUTOPISTA LITORAL SUL;2009;BR-101/SC;Crescente;46,830;-26,364982;-26,378962;48,569;-48,858793;-48,851741
AUTOPISTA LITORAL SUL;2009;BR-101/SC;Crescente;56,300;-26,434972;-26,437233;57,150;-48,816243;-48,808575
AUTOPISTA LITORAL SUL;2009;BR-101/SC;Crescente;59,400;-26,448193;-26,449409;59,700;-48,790112;-48,787577
AUTOPISTA LITORAL SUL;2009;BR-101/SC;Crescente;61,700;-26,454986;-26,457299;62,500;-48,769523;-48,761353
AUTOPISTA LITORAL SUL;2009;BR-101/SC;Crescente;63,400;-26,462181;-26,483972;66,600;-48,754767;-48,735131
AUTOPISTA LITORAL SUL;2009;BR-101/SC;Crescente;70,300;-26,514547;-26,524957;71,550;-48,721239;-48,716060
AUTOPISTA LITORAL SUL;2009;BR-101/SC;Crescente;73,400;-26,546430;-26,551196;74,600;-48,712853;-48,715951
AUTOPISTA LITORAL SUL;2009;BR-101/SC;Crescente;74,900;-26,552749;-26,555882;75,300;-48,717990;-48,720623
AUTOPISTA LITORAL SUL;2009;BR-101/SC;Crescente;76,100;-26,567459;-26,571774;77,100;-48,720085;-48,722265
AUTOPISTA LITORAL SUL;2009;BR-101/SC;Crescente;82,300;-26,616227;-26,621941;83,000;-48,719512;-48,716572
AUTOPISTA LITORAL SUL;2009;BR-101/SC;Crescente;83,010;-26,621900;-26,626915;83,999;-48,716487;-48,710234
AUTOPISTA LITORAL SUL;2009;BR-101/SC;Crescente;84,000;-26,626916;-26,631702;84,800;-48,710235;-48,703859
AUTOPISTA LITORAL SUL;2009;BR-101/SC;Crescente;84,801;-26,631747;-26,692378;92,600;-48,703841;-48,697601
AUTOPISTA LITORAL SUL;2009;BR-101/SC;Crescente;94,900;-26,712688;-26,717855;95,500;-48,703059;-48,702365
AUTOPISTA LITORAL SUL;2009;BR-101/SC;Crescente;99,800;-26,755565;-26,766611;101,079;-48,689558;-48,686504
AUTOPISTA LITORAL SUL;2009;BR-101/SC;Crescente;101,080;-26,766647;-26,783283;102,980;-48,686503;-48,683141
AUTOPISTA LITORAL SUL;2009;BR-101/SC;Crescente;104,300;-26,795544;-26,801285;104,900;-48,680122;-48,678916
AUTOPISTA LITORAL SUL;2009;BR-101/SC;Crescente;111,950;-26,845227;-26,905578;119,050;-48,720629;-48,715015
AUTOPISTA LITORAL SUL;2009;BR-101/SC;Crescente;122,800;-26,935402;-26,939497;123,400;-48,700039;-48,695983
AUTOPISTA LITORAL SUL;2009;BR-101/SC;Crescente;123,600;-26,940630;-26,952313;125,640;-48,694818;-48,679934
AUTOPISTA LITORAL SUL;2009;BR-101/SC;Crescente;125,641;-26,952363;-26,955596;126,000;-48,679912;-48,679812
AUTOPISTA LITORAL SUL;2009;BR-101/SC;Crescente;129,300;-26,981970;-26,996582;131,999;-48,676491;-48,656117
AUTOPISTA LITORAL SUL;2009;BR-101/SC;Crescente;132,000;-26,996864;-27,006425;135,500;-48,655122;-48,622051
AUTOPISTA LITORAL SUL;2009;BR-101/SC;Crescente;135,650;-27,007049;-27,029375;138,630;-48,620097;-48,605319
AUTOPISTA LITORAL SUL;2009;BR-101/SC;Crescente;142,500;-27,059464;-27,068208;143,440;-48,596876;-48,595678
AUTOPISTA LITORAL SUL;2009;BR-101/SC;Crescente;145,750;-27,085331;-27,123065;150,600;-48,607307;-48,609601
AUTOPISTA LITORAL SUL;2009;BR-101/SC;Crescente;150,601;-27,123112;-27,129301;151,300;-48,609596;-48,609881
AUTOPISTA LITORAL SUL;2009;BR-101/SC;Crescente;151,400;-27,130386;-27,134702;151,900;-48,609926;-48,610041
AUTOPISTA LITORAL SUL;2009;BR-101/SC;Crescente;161,300;-27,217331;-27,241830;164,100;-48,624760;-48,630944
AUTOPISTA LITORAL SUL;2009;BR-116/PR;Decrescente;101,700;-25,568196;-25,567248;101,200;-49,175942;-49,171079
AUTOPISTA LITORAL SUL;2009;BR-116/PR;Decrescente;99,300;-25,562447;-25,555075;98,400;-49,153193;-49,149613
AUTOPISTA LITORAL SUL;2009;BR-116/PR;Decrescente;97,600;-25,547897;-25,537339;96,400;-49,150232;-49,149300
AUTOPISTA LITORAL SUL;2009;BR-116/PR;Decrescente;95,700;-25,532382;-25,529067;95,200;-49,145008;-49,142046
AUTOPISTA LITORAL SUL;2009;BR-116/PR;Decrescente;94,100;-25,521179;-25,517636;93,501;-49,135162;-49,132061
AUTOPISTA LITORAL SUL;2009;BR-116/PR;Decrescente;76,620;-25,389661;-25,381522;75,650;-49,054325;-49,051815
AUTOPISTA LITORAL SUL;2009;BR-116/PR;Decrescente;73,600;-25,365200;-25,357137;72,700;-49,042001;-49,040566
AUTOPISTA LITORAL SUL;2009;BR-101/SC;Decrescente;188,370;-27,454623;-27,449413;187,740;-48,635606;-48,632224
AUTOPISTA LITORAL SUL;2009;BR-101/SC;Decrescente;184,900;-27,424099;-27,419900;184,400;-48,624711;-48,625543
AUTOPISTA LITORAL SUL;2009;BR-101/SC;Decrescente;182,600;-27,403401;-27,391741;181,200;-48,629057;-48,631473
AUTOPISTA LITORAL SUL;2009;BR-101/SC;Decrescente;180,600;-27,386340;-27,376097;179,300;-48,631556;-48,631690
AUTOPISTA LITORAL SUL;2009;BR-101/SC;Decrescente;170,800;-27,303490;-27,298096;170,300;-48,632165;-48,631475
AUTOPISTA LITORAL SUL;2009;BR-101/SC;Decrescente;166,000;-27,259512;-27,251309;165,100;-48,631511;-48,630996
AUTOPISTA LITORAL SUL;2009;BR-101/SC;Decrescente;165,099;-27,251295;-27,238046;163,630;-48,630996;-48,630051
AUTOPISTA LITORAL SUL;2009;BR-101/SC;Decrescente;163,600;-27,237810;-27,214186;160,801;-48,630064;-48,622727
AUTOPISTA LITORAL SUL;2009;BR-101/SC;Decrescente;159,500;-27,203036;-27,197063;158,800;-48,616777;-48,613582
AUTOPISTA LITORAL SUL;2009;BR-101/SC;Decrescente;156,600;-27,177374;-27,118045;150,101;-48,611774;-48,609080
AUTOPISTA LITORAL SUL;2009;BR-101/SC;Decrescente;148,900;-27,108257;-27,088585;146,401;-48,613165;-48,612176
AUTOPISTA LITORAL SUL;2009;BR-101/SC;Decrescente;146,400;-27,088579;-27,085727;145,750;-48,612160;-48,607731
AUTOPISTA LITORAL SUL;2009;BR-101/SC;Decrescente;143,140;-27,065278;-27,057280;142,441;-48,595459;-48,598014
AUTOPISTA LITORAL SUL;2009;BR-101/SC;Decrescente;138,880;-27,031637;-27,016203;137,181;-48,604942;-48,611454
AUTOPISTA LITORAL SUL;2009;BR-101/SC;Decrescente;136,620;-27,011972;-27,007312;135,901;-48,613673;-48,618478
AUTOPISTA LITORAL SUL;2009;BR-101/SC;Decrescente;135,450;-27,006085;-26,990258;130,950;-48,622233;-48,663218
AUTOPISTA LITORAL SUL;2009;BR-101/SC;Decrescente;126,000;-26,955603;-26,950438;125,400;-48,679631;-48,680191
AUTOPISTA LITORAL SUL;2009;BR-101/SC;Decrescente;124,700;-26,946701;-26,942707;123,900;-48,685509;-48,692486
AUTOPISTA LITORAL SUL;2009;BR-101/SC;Decrescente;123,500;-26,939703;-26,934228;122,650;-48,695518;-48,700964
AUTOPISTA LITORAL SUL;2009;BR-101/SC;Decrescente;122,000;-26,930651;-26,904373;119,000;-48,704232;-48,715495
AUTOPISTA LITORAL SUL;2009;BR-101/SC;Decrescente;118,200;-26,897602;-26,845750;111,910;-48,718143;-48,720532
AUTOPISTA LITORAL SUL;2009;BR-101/SC;Decrescente;110,340;-26,835479;-26,828453;108,310;-48,709252;-48,691989
AUTOPISTA LITORAL SUL;2009;BR-101/SC;Decrescente;104,900;-26,801311;-26,795037;104,200;-48,678745;-48,680082
AUTOPISTA LITORAL SUL;2009;BR-101/SC;Decrescente;102,660;-26,781106;-26,767738;101,180;-48,683886;-48,686019
AUTOPISTA LITORAL SUL;2009;BR-101/SC;Decrescente;101,179;-26,767723;-26,755721;99,900;-48,686013;-48,689306
AUTOPISTA LITORAL SUL;2009;BR-101/SC;Decrescente;95,700;-26,720004;-26,713932;95,010;-48,702177;-48,702596
AUTOPISTA LITORAL SUL;2009;BR-101/SC;Decrescente;92,300;-26,689847;-26,644528;87,300;-48,696468;-48,687947
AUTOPISTA LITORAL SUL;2009;BR-101/SC;Decrescente;86,800;-26,641152;-26,634281;85,400;-48,690852;-48,700015
AUTOPISTA LITORAL SUL;2009;BR-101/SC;Decrescente;84,700;-26,630720;-26,626954;84,000;-48,704795;-48,709784
AUTOPISTA LITORAL SUL;2009;BR-101/SC;Decrescente;83,200;-26,623004;-26,618669;82,600;-48,715021;-48,718117
AUTOPISTA LITORAL SUL;2009;BR-101/SC;Decrescente;78,000;-26,579799;-26,575639;77,600;-48,722296;-48,722647
AUTOPISTA LITORAL SUL;2009;BR-101/SC;Crescente;164,300;-27,244254;-27,249328;164,900;-48,631009;-48,631229
AUTOPISTA LITORAL SUL;2009;BR-101/SC;Crescente;169,400;-27,290248;-27,293802;169,800;-48,630895;-48,631170
AUTOPISTA LITORAL SUL;2009;BR-101/SC;Crescente;170,800;-27,303498;-27,311333;171,700;-48,632380;-48,632915
AUTOPISTA LITORAL SUL;2009;BR-101/SC;Crescente;172,800;-27,319587;-27,322190;173,000;-48,628523;-48,627626
AUTOPISTA LITORAL SUL;2009;BR-101/SC;Crescente;179,300;-27,376108;-27,400771;182,300;-48,631867;-48,629925
AUTOPISTA LITORAL SUL;2009;BR-101/SC;Crescente;182,301;-27,400787;-27,403121;182,500;-48,629917;-48,629365
AUTOPISTA LITORAL SUL;2009;BR-101/SC;Crescente;185,900;-27,433507;-27,440171;186,710;-48,625186;-48,627174
AUTOPISTA LITORAL SUL;2009;BR-101/SC;Crescente;188,140;-27,452353;-27,455802;188,590;-48,634472;-48,636754
AUTOPISTA LITORAL SUL;2009;BR-101/SC;Crescente;192,170;-27,485864;-27,486840;192,269;-48,648464;-48,650098
AUTOPISTA LITORAL SUL;2009;BR-101/SC;Crescente;192,270;-27,486482;-27,487178;192,469;-48,649191;-48,651033
AUTOPISTA LITORAL SUL;2009;BR-101/SC;Crescente;192,470;-27,487179;-27,585071;205,300;-48,651034;-48,618059
AUTOPISTA LITORAL SUL;2009;BR-101/SC;Crescente;205,301;-27,585209;-27,680306;218,400;-48,618104;-48,669000
AUTOPISTA LITORAL SUL;2009;BR-101/SC;Crescente;219,200;-27,686969;-27,699872;220,700;-48,666105;-48,660672
AUTOPISTA LITORAL SUL;2009;BR-101/SC;Crescente;221,100;-27,703038;-27,708388;221,800;-48,659267;-48,656353
AUTOPISTA LITORAL SUL;2009;BR-101/SC;Crescente;222,900;-27,715779;-27,719790;223,350;-48,648837;-48,646426
AUTOPISTA LITORAL SUL;2009;BR-101/SC;Crescente;223,351;-27,719838;-27,720950;223,500;-48,646409;-48,645597
AUTOPISTA LITORAL SUL;2009;BR-101/SC;Crescente;223,501;-27,720989;-27,722785;223,700;-48,645559;-48,644404
AUTOPISTA LITORAL SUL;2009;BR-101/SC;Crescente;227,220;-27,752568;-27,769418;229,220;-48,633975;-48,632966
AUTOPISTA LITORAL SUL;2009;BR-101/SC;Crescente;237,800;-27,842373;-27,848858;238,600;-48,634764;-48,638205
AUTOPISTA LITORAL SUL;2009;BR-101/SC;Crescente;243,300;-27,889640;-27,893269;243,700;-48,648227;-48,648515
AUTOPISTA LITORAL SUL;2009;BR-101/SC;Decrescente;238,790;-27,850235;-27,837625;237,190;-48,639195;-48,632045
AUTOPISTA LITORAL SUL;2009;BR-101/SC;Decrescente;229,300;-27,770527;-27,751330;227,100;-48,633080;-48,634365
AUTOPISTA LITORAL SUL;2009;BR-101/SC;Decrescente;223,600;-27,721403;-27,715643;222,800;-48,644944;-48,648615
AUTOPISTA LITORAL SUL;2009;BR-101/SC;Decrescente;222,000;-27,709622;-27,702163;221,000;-48,654402;-48,659272
AUTOPISTA LITORAL SUL;2009;BR-101/SC;Decrescente;220,730;-27,699783;-27,695757;220,230;-48,660381;-48,661851
AUTOPISTA LITORAL SUL;2009;BR-101/SC;Decrescente;218,400;-27,680178;-27,676126;217,901;-48,668599;-48,670160
AUTOPISTA LITORAL SUL;2009;BR-101/SC;Decrescente;217,900;-27,676127;-27,606146;208,401;-48,670161;-48,634642
AUTOPISTA LITORAL SUL;2009;BR-101/SC;Decrescente;208,400;-27,606147;-27,605547;208,301;-48,634643;-48,634087
AUTOPISTA LITORAL SUL;2009;BR-101/SC;Decrescente;208,300;-27,605548;-27,490583;193,200;-48,634088;-48,656156
AUTOPISTA LITORAL SUL;2009;BR-101/SC;Decrescente;192,570;-27,487870;-27,485593;192,140;-48,652038;-48,648040
AUTOPISTA LITORAL SUL;2009;BR-101/SC;Decrescente;188,970;-27,459188;-27,454622;188,371;-48,638600;-48,635605
AUTOPISTA LITORAL SUL;2009;BR-101/SC;Decrescente;74,701;-26,551864;-26,546461;74,000;-48,716587;-48,712648
AUTOPISTA LITORAL SUL;2009;BR-101/SC;Decrescente;71,550;-26,524912;-26,511521;69,900;-48,715880;-48,722842
AUTOPISTA LITORAL SUL;2009;BR-101/SC;Decrescente;68,700;-26,501891;-26,494872;67,800;-48,728642;-48,732767
AUTOPISTA LITORAL SUL;2009;BR-101/SC;Decrescente;64,400;-26,467892;-26,463762;63,800;-48,747264;-48,751144
AUTOPISTA LITORAL SUL;2009;BR-101/SC;Decrescente;62,500;-26,457098;-26,454869;61,800;-48,761346;-48,768014
AUTOPISTA LITORAL SUL;2009;BR-101/SC;Decrescente;61,500;-26,454810;-26,454528;60,900;-48,771041;-48,777242
AUTOPISTA LITORAL SUL;2009;BR-101/SC;Decrescente;59,500;-26,448236;-26,445851;58,900;-48,789466;-48,794750
AUTOPISTA LITORAL SUL;2009;BR-101/SC;Decrescente;48,500;-26,378614;-26,376327;48,200;-48,851693;-48,853600
AUTOPISTA LITORAL SUL;2009;BR-101/SC;Decrescente;47,050;-26,367019;-26,342045;44,220;-48,857841;-48,858328
AUTOPISTA LITORAL SUL;2009;BR-101/SC;Decrescente;42,300;-26,326232;-26,292000;37,900;-48,865350;-48,884677
AUTOPISTA LITORAL SUL;2009;BR-101/SC;Decrescente;37,500;-26,288563;-26,278345;36,220;-48,885886;-48,891746
AUTOPISTA LITORAL SUL;2009;BR-101/SC;Decrescente;32,780;-26,251216;-26,243082;31,780;-48,907928;-48,910949
AUTOPISTA LITORAL SUL;2009;BR-101/SC;Decrescente;30,700;-26,234504;-26,227093;29,900;-48,915951;-48,916427
AUTOPISTA LITORAL SUL;2009;BR-101/SC;Decrescente;27,550;-26,205848;-26,199723;26,800;-48,914362;-48,912750
AUTOPISTA LITORAL SUL;2009;BR-101/SC;Decrescente;25,600;-26,188831;-26,176600;24,200;-48,911633;-48,908043
AUTOPISTA LITORAL SUL;2009;BR-101/SC;Decrescente;23,200;-26,167659;-26,158610;22,180;-48,907240;-48,907449
AUTOPISTA LITORAL SUL;2009;BR-101/SC;Decrescente;20,200;-26,142694;-26,137965;19,600;-48,904685;-48,900679
AUTOPISTA LITORAL SUL;2009;BR-101/SC;Decrescente;14,600;-26,102901;-26,098235;14,000;-48,870128;-48,867729
AUTOPISTA LITORAL SUL;2009;BR-101/SC;Decrescente;10,700;-26,069639;-26,061365;9,900;-48,860581;-48,859894
AUTOPISTA LITORAL SUL;2009;BR-101/SC;Decrescente;7,200;-26,037895;-26,029158;6,230;-48,859908;-48,860462
AUTOPISTA LITORAL SUL;2009;BR-101/SC;Decrescente;6,229;-26,029106;-26,025904;5,900;-48,860446;-48,861269
AUTOPISTA LITORAL SUL;2009;BR-116/PR;Crescente;72,800;-25,357801;-25,365113;73,600;-49,040789;-49,042245
AUTOPISTA LITORAL SUL;2009;BR-116/PR;Crescente;90,710;-25,495677;-25,508328;92,450;-49,116504;-49,126182
AUTOPISTA LITORAL SUL;2009;BR-116/PR;Crescente;96,300;-25,536707;-25,545089;97,300;-49,149244;-49,150801
AUTOPISTA LITORAL SUL;2009;BR-116/PR;Crescente;97,700;-25,548874;-25,562146;99,300;-49,150455;-49,153269
AUTOPISTA LITORAL SUL;2009;BR-116/PR;Crescente;101,200;-25,567003;-25,567957;101,700;-49,171042;-49,176020
AUTOPISTA LITORAL SUL;2009;BR-116/PR;Crescente;103,700;-25,571101;-25,571377;104,900;-49,195403;-49,207339
AUTOPISTA LITORAL SUL;2009;BR-116/PR;Crescente;112,700;-25,550760;-25,546532;113,900;-49,280735;-49,291702
AUTOPISTA LITORAL SUL;2009;BR-116/PR;Decrescente;114,000;-25,546819;-25,553853;112,100;-49,292616;-49,276027
AUTOPISTA LITORAL SUL;2009;BR-116/PR;Decrescente;104,400;-25,572268;-25,570921;103,400;-49,202389;-49,192740
AUTOPISTA PLANALTO SUL;2017;BR-116/PR;Crescente;115,500;-25,546424;-25,559476;117,000;-49,303961;-49,307229
AUTOPISTA PLANALTO SUL;2017;BR-116/PR;Crescente;126,330;-25,641616;-25,643494;126,535;-49,313265;-49,313159
AUTOPISTA PLANALTO SUL;2017;BR-116/PR;Crescente;126,765;-25,645500;-25,648639;127,120;-49,313026;-49,312851
AUTOPISTA PLANALTO SUL;2017;BR-116/PR;Crescente;127,600;-25,653099;-25,660722;128,460;-49,313052;-49,313194
AUTOPISTA PLANALTO SUL;2017;BR-116/PR;Crescente;128,461;-25,660763;-25,665244;129,061;-49,313198;-49,314189
AUTOPISTA PLANALTO SUL;2017;BR-116/PR;Crescente;140,870;-25,771158;-25,776088;141,470;-49,322853;-49,324258
AUTOPISTA PLANALTO SUL;2017;BR-116/PR;Crescente;205,180;-26,076576;-26,073580;206,200;-49,749634;-49,757382
AUTOPISTA PLANALTO SUL;2017;BR-116/PR;Crescente;206,201;-26,073581;-26,106240;211,590;-49,757359;-49,782215
AUTOPISTA PLANALTO SUL;2017;BR-116/SC;Crescente;1,255;-26,119138;-26,122827;1,880;-49,789071;-49,792435
AUTOPISTA PLANALTO SUL;2017;BR-116/SC;Crescente;4,700;-26,139998;-26,150199;6,640;-49,814180;-49,828935
AUTOPISTA PLANALTO SUL;2017;BR-116/SC;Crescente;6,850;-26,151683;-26,161602;8,700;-49,831065;-49,845085
AUTOPISTA PLANALTO SUL;2017;BR-116/SC;Crescente;69,065;-26,460555;-26,463124;69,340;-50,229214;-50,229672
AUTOPISTA PLANALTO SUL;2017;BR-116/SC;Crescente;138,780;-26,956742;-26,962477;139,675;-50,420377;-50,414008
AUTOPISTA PLANALTO SUL;2017;BR-116/SC;Crescente;179,735;-27,265344;-27,268932;180,150;-50,442389;-50,441552
AUTOPISTA PLANALTO SUL;2017;BR-116/SC;Crescente;205,750;-27,470299;-27,472821;206,100;-50,383778;-50,382044
AUTOPISTA PLANALTO SUL;2017;BR-116/SC;Crescente;207,380;-27,483980;-27,495182;208,830;-50,378448;-50,371397
AUTOPISTA PLANALTO SUL;2017;BR-116/SC;Crescente;219,180;-27,579590;-27,585290;220,830;-50,369207;-50,366136
AUTOPISTA PLANALTO SUL;2017;BR-116/SC;Crescente;245,100;-27,795331;-27,799220;245,550;-50,362117;-50,363555
AUTOPISTA PLANALTO SUL;2017;BR-116/SC;Crescente;245,640;-27,800147;-27,802729;245,950;-50,363934;-50,364849
AUTOPISTA PLANALTO SUL;2017;BR-116/SC;Crescente;246,870;-27,810950;-27,813138;247,140;-50,367899;-50,369312
AUTOPISTA PLANALTO SUL;2017;BR-116/SC;Crescente;247,560;-27,815862;-27,817168;247,765;-50,371537;-50,372519
AUTOPISTA PLANALTO SUL;2017;BR-116/PR;Decrescente;116,920;-25,559066;-25,546342;115,500;-49,306760;-49,303637
AUTOPISTA PLANALTO SUL;2017;BR-116/PR;Decrescente;126,610;-25,643770;-25,630337;125,100;-49,312715;-49,313620
AUTOPISTA PLANALTO SUL;2017;BR-116/PR;Decrescente;128,200;-25,658446;-25,644796;126,750;-49,312047;-49,312252
AUTOPISTA PLANALTO SUL;2017;BR-116/PR;Decrescente;129,243;-25,667623;-25,660846;128,460;-49,314318;-49,312984
AUTOPISTA PLANALTO SUL;2017;BR-116/PR;Decrescente;138,480;-25,750018;-25,743659;137,760;-49,316986;-49,317187
AUTOPISTA PLANALTO SUL;2017;BR-116/PR;Decrescente;141,470;-25,775983;-25,770904;140,830;-49,323637;-49,322584
AUTOPISTA PLANALTO SUL;2017;BR-116/PR;Decrescente;142,500;-25,785284;-25,777397;141,600;-49,325939;-49,324020
AUTOPISTA PLANALTO SUL;2017;BR-116/PR;Decrescente;205,860;-26,075299;-26,075156;204,680;-49,754600;-49,745629
AUTOPISTA PLANALTO SUL;2017;BR-116/PR;Decrescente;211,560;-26,105538;-26,075250;205,861;-49,781073;-49,754702
AUTOPISTA PLANALTO SUL;2017;BR-116/SC;Decrescente;1,980;-26,123926;-26,119420;1,320;-49,792671;-49,788594
AUTOPISTA PLANALTO SUL;2017;BR-116/SC;Decrescente;8,400;-26,159504;-26,140435;4,700;-49,841787;-49,813893
AUTOPISTA PLANALTO SUL;2017;BR-116/SC;Decrescente;24,520;-26,277396;-26,271342;23,740;-49,923184;-49,919425
AUTOPISTA PLANALTO SUL;2017;BR-116/SC;Decrescente;68,940;-26,459676;-26,457450;68,690;-50,228169;-50,227530
AUTOPISTA PLANALTO SUL;2017;BR-116/SC;Decrescente;69,255;-26,462413;-26,459677;68,941;-50,228969;-50,228203
AUTOPISTA PLANALTO SUL;2017;BR-116/SC;Decrescente;139,630;-26,962275;-26,956191;138,780;-50,413634;-50,420481
AUTOPISTA PLANALTO SUL;2017;BR-116/SC;Decrescente;180,055;-27,267906;-27,264536;179,685;-50,441181;-50,441926
AUTOPISTA PLANALTO SUL;2017;BR-116/SC;Decrescente;220,830;-27,584985;-27,580155;219,240;-50,365553;-50,368192
AUTOPISTA PLANALTO SUL;2017;BR-116/SC;Decrescente;245,515;-27,799273;-27,795047;245,020;-50,363030;-50,361303
AUTOPISTA PLANALTO SUL;2017;BR-116/SC;Decrescente;246,330;-27,806198;-27,800469;245,650;-50,365508;-50,363411
AUTOPISTA PLANALTO SUL;2017;BR-116/SC;Decrescente;247,020;-27,812168;-27,811014;246,880;-50,367945;-50,367268
AUTOPISTA PLANALTO SUL;2017;BR-116/SC;Decrescente;251,360;-27,847354;-27,845501;251,120;-50,379291;-50,378641
AUTOPISTA REGIS BITTENCOURT;2017;BR-116/SP;Crescente;269,100;-23,608317;-23,607767;269,840;-46,754000;-46,760883
AUTOPISTA REGIS BITTENCOURT;2017;BR-116/SP;Crescente;270,020;-23,607233;-23,607100;270,140;-46,762200;-46,763400
AUTOPISTA REGIS BITTENCOURT;2017;BR-116/SP;Crescente;270,200;-23,607150;-23,608467;270,740;-46,764000;-46,769067
AUTOPISTA REGIS BITTENCOURT;2017;BR-116/SP;Crescente;271,260;-23,610333;-23,613400;272,180;-46,773450;-46,781467
AUTOPISTA REGIS BITTENCOURT;2017;BR-116/SP;Crescente;272,480;-23,614383;-23,616483;273,260;-46,784200;-46,791133
AUTOPISTA REGIS BITTENCOURT;2017;BR-116/SP;Crescente;274,600;-23,617750;-23,618150;274,920;-46,803683;-46,806800
AUTOPISTA REGIS BITTENCOURT;2017;BR-116/SP;Crescente;275,860;-23,622467;-23,633050;277,400;-46,814217;-46,823067
AUTOPISTA REGIS BITTENCOURT;2017;BR-116/SP;Crescente;278,500;-23,636067;-23,641183;279,280;-46,832383;-46,837217
AUTOPISTA REGIS BITTENCOURT;2017;BR-116/SP;Crescente;280,840;-23,651350;-23,654800;281,300;-46,847383;-46,849283
AUTOPISTA REGIS BITTENCOURT;2017;BR-116/SP;Crescente;281,820;-23,659117;-23,669467;283,140;-46,851217;-46,856083
AUTOPISTA REGIS BITTENCOURT;2017;BR-116/SP;Crescente;412,600;-24,330133;-24,331217;414,335;-47,615750;-47,632000
AUTOPISTA REGIS BITTENCOURT;2017;BR-116/SP;Crescente;414,714;-24,331783;-24,341583;416,377;-47,635733;-47,646283
AUTOPISTA REGIS BITTENCOURT;2017;BR-116/SP;Crescente;444,040;-24,491083;-24,536183;449,794;-47,836400;-47,858933
AUTOPISTA REGIS BITTENCOURT;2017;BR-116/SP;Crescente;474,830;-24,687817;-24,692900;475,620;-47,991133;-47,996200
AUTOPISTA REGIS BITTENCOURT;2017;BR-116/SP;Crescente;475,740;-24,693683;-24,709433;478,696;-47,997033;-48,019350
AUTOPISTA REGIS BITTENCOURT;2017;BR-116/SP;Crescente;487,760;-24,730667;-24,737850;490,428;-48,099150;-48,122067
AUTOPISTA REGIS BITTENCOURT;2017;BR-116/SP;Decrescente;490,393;-24,738067;-24,731333;487,851;-48,121483;-48,099983
AUTOPISTA REGIS BITTENCOURT;2017;BR-116/SP;Decrescente;478,455;-24,708633;-24,703600;477,527;-48,017017;-48,010200
AUTOPISTA REGIS BITTENCOURT;2017;BR-116/SP;Decrescente;475,630;-24,693167;-24,688300;474,830;-47,996050;-47,990733
AUTOPISTA REGIS BITTENCOURT;2017;BR-116/SP;Decrescente;458,634;-24,603333;-24,597167;457,900;-47,876700;-47,876417
AUTOPISTA REGIS BITTENCOURT;2017;BR-116/SP;Decrescente;449,880;-24,537050;-24,495583;444,640;-47,858833;-47,839567
AUTOPISTA REGIS BITTENCOURT;2017;BR-116/SP;Decrescente;416,519;-24,342883;-24,333800;415,320;-47,646817;-47,640700
AUTOPISTA REGIS BITTENCOURT;2017;BR-116/SP;Decrescente;396,090;-24,292100;-24,287517;394,400;-47,470417;-47,455167
AUTOPISTA REGIS BITTENCOURT;2017;CW-116/PR;Crescente;0,860;-25,348750;-25,353650;2,260;-49,052633;-49,063917
AUTOPISTA REGIS BITTENCOURT;2017;CW-116/PR;Crescente;5,599;-25,365133;-25,369483;8,489;-49,090617;-49,115467
AUTOPISTA REGIS BITTENCOURT;2017;CW-116/PR;Crescente;13,300;-25,377900;-25,385583;15,550;-49,155567;-49,173333
AUTOPISTA REGIS BITTENCOURT;2017;CW-116/PR;Crescente;16,260;-25,387517;-25,389000;17,377;-49,178617;-49,188217
AUTOPISTA REGIS BITTENCOURT;2017;CW-116/PR;Crescente;18,260;-25,388967;-25,388750;18,500;-49,195650;-49,198067
AUTOPISTA REGIS BITTENCOURT;2017;CW-116/PR;Decrescente;17,468;-25,389300;-25,387450;16,151;-49,189083;-49,177500
AUTOPISTA REGIS BITTENCOURT;2017;CW-116/PR;Decrescente;14,760;-25,383233;-25,377383;13,100;-49,167317;-49,153633
AUTOPISTA REGIS BITTENCOURT;2017;CW-116/PR;Decrescente;12,600;-25,376033;-25,372100;10,600;-49,150367;-49,133933
AUTOPISTA REGIS BITTENCOURT;2017;CW-116/PR;Decrescente;6,572;-25,367067;-25,367233;5,666;-49,098900;-49,099850
CATARINENSE HOLDING;2020;BR-101/SC;Crescente;250,721;-27,947697;-27,949535;250,940;-48,671772;-48,672697
CATARINENSE HOLDING;2020;BR-101/SC;Crescente;252,640;-27,963537;-27,980664;254,560;-48,679896;-48,679630
CATARINENSE HOLDING;2020;BR-101/SC;Crescente;254,561;-27,980663;-27,983455;254,840;-48,679629;-48,679422
CATARINENSE HOLDING;2020;BR-101/SC;Crescente;254,841;-27,983454;-27,985333;255,100;-48,679421;-48,679323
CATARINENSE HOLDING;2020;BR-101/SC;Crescente;263,200;-28,047082;-28,053921;264,000;-48,715180;-48,717409
CATARINENSE HOLDING;2020;BR-101/SC;Crescente;264,860;-28,061694;-28,063334;265,060;-48,716720;-48,716321
CATARINENSE HOLDING;2020;BR-101/SC;Crescente;265,061;-28,063333;-28,067452;265,520;-48,716175;-48,715168
CATARINENSE HOLDING;2020;BR-101/SC;Crescente;265,521;-28,067451;-28,069224;265,740;-48,715167;-48,714490
CATARINENSE HOLDING;2020;BR-101/SC;Crescente;266,680;-28,077622;-28,078908;266,840;-48,712199;-48,712018
CATARINENSE HOLDING;2020;BR-101/SC;Crescente;266,841;-28,078907;-28,080538;267,000;-48,712017;-48,711683
CATARINENSE HOLDING;2020;BR-101/SC;Crescente;267,001;-28,080537;-28,082597;267,250;-48,711682;-48,711235
CATARINENSE HOLDING;2020;BR-101/SC;Crescente;268,540;-28,094112;-28,097723;269,080;-48,709277;-48,705913
CATARINENSE HOLDING;2020;BR-101/SC;Crescente;281,700;-28,209166;-28,219735;282,920;-48,699275;-48,700476
CATARINENSE HOLDING;2020;BR-101/SC;Crescente;275,880;-28,156958;-28,163243;276,740;-48,693027;-48,694028
CATARINENSE HOLDING;2020;BR-101/SC;Crescente;277,700;-28,173245;-28,184836;279,100;-48,694925;-48,696661
CATARINENSE HOLDING;2020;BR-101/SC;Crescente;279,760;-28,191385;-28,193743;280,050;-48,697156;-48,697666
CATARINENSE HOLDING;2020;BR-101/SC;Crescente;283,800;-28,227961;-28,236925;284,840;-48,701473;-48,700732
CATARINENSE HOLDING;2020;BR-101/SC;Crescente;287,800;-28,262977;-28,264570;288,000;-48,703578;-48,702994
CATARINENSE HOLDING;2020;BR-101/SC;Crescente;288,001;-28,264569;-28,271100;288,880;-48,702993;-48,700814
CATARINENSE HOLDING;2020;BR-101/SC;Crescente;288,881;-28,271099;-28,273537;289,040;-48,700813;-48,700134
CATARINENSE HOLDING;2020;BR-101/SC;Crescente;291,060;-28,289999;-28,291005;291,240;-48,708198;-48,709331
CATARINENSE HOLDING;2020;BR-101/SC;Crescente;291,241;-28,291004;-28,295628;291,900;-48,709330;-48,713750
CATARINENSE HOLDING;2020;BR-101/SC;Crescente;291,901;-28,295627;-28,296213;292,000;-48,713749;-48,714261
CATARINENSE HOLDING;2020;BR-101/SC;Crescente;294,360;-28,315134;-28,316160;294,500;-48,724998;-48,725605
CATARINENSE HOLDING;2020;BR-101/SC;Crescente;294,501;-28,316159;-28,328480;296,000;-48,725604;-48,732290
CATARINENSE HOLDING;2020;BR-101/SC;Crescente;296,500;-28,332982;-28,334072;296,640;-48,732934;-48,732935
CATARINENSE HOLDING;2020;BR-101/SC;Crescente;296,641;-28,334071;-28,339708;297,220;-48,732934;-48,733146
CATARINENSE HOLDING;2020;BR-101/SC;Crescente;297,221;-28,339707;-28,343206;297,650;-48,733145;-48,733374
CATARINENSE HOLDING;2020;BR-101/SC;Crescente;299,660;-28,357748;-28,358490;299,790;-48,746485;-48,747235
CATARINENSE HOLDING;2020;BR-101/SC;Crescente;299,791;-28,358489;-28,428390;309,320;-48,747235;-48,802991
CATARINENSE HOLDING;2020;BR-101/SC;Crescente;309,321;-28,428389;-28,434014;310,080;-48,802990;-48,806672
CATARINENSE HOLDING;2020;BR-101/SC;Crescente;310,530;-28,437069;-28,439846;311,000;-48,809402;-48,812896
CATARINENSE HOLDING;2020;BR-101/SC;Crescente;311,001;-28,439845;-28,425145;316,000;-48,812895;-48,857514
CATARINENSE HOLDING;2020;BR-101/SC;Crescente;316,360;-28,426512;-28,426521;316,460;-48,861355;-48,862200
CATARINENSE HOLDING;2020;BR-101/SC;Crescente;316,461;-28,426520;-28,427933;316,980;-48,862199;-48,867048
CATARINENSE HOLDING;2020;BR-101/SC;Crescente;317,820;-28,429923;-28,428507;318,280;-48,875292;-48,879596
CATARINENSE HOLDING;2020;BR-101/SC;Crescente;318,281;-28,428506;-28,425480;323,460;-48,879595;-48,930800
CATARINENSE HOLDING;2020;BR-101/SC;Crescente;323,461;-28,425479;-28,424869;323,800;-48,930799;-48,933322
CATARINENSE HOLDING;2020;BR-101/SC;Crescente;324,240;-28,424291;-28,424307;324,540;-48,938042;-48,940962
CATARINENSE HOLDING;2020;BR-101/SC;Crescente;324,541;-28,424306;-28,439144;327,200;-48,940961;-48,962432
CATARINENSE HOLDING;2020;BR-101/SC;Crescente;327,201;-28,439143;-28,443239;327,800;-48,962431;-48,965555
CATARINENSE HOLDING;2020;BR-101/SC;Crescente;331,280;-28,463250;-28,463982;331,420;-48,992472;-48,993389
CATARINENSE HOLDING;2020;BR-101/SC;Crescente;331,421;-28,463981;-28,466264;331,840;-48,993388;-48,996893
CATARINENSE HOLDING;2020;BR-101/SC;Crescente;331,841;-28,466263;-28,467610;332,280;-48,996892;-49,000980
CATARINENSE HOLDING;2020;BR-101/SC;Crescente;332,680;-28,467291;-28,467092;332,780;-49,005254;-49,006077
CATARINENSE HOLDING;2020;BR-101/SC;Crescente;332,781;-28,467091;-28,468457;333,440;-49,006401;-49,012664
CATARINENSE HOLDING;2020;BR-101/SC;Crescente;333,441;-28,468456;-28,477091;335,520;-49,012663;-49,031413
CATARINENSE HOLDING;2020;BR-101/SC;Crescente;335,521;-28,477090;-28,478010;335,720;-49,031412;-49,033006
CATARINENSE HOLDING;2020;BR-101/SC;Crescente;337,680;-28,493639;-28,494561;337,860;-49,042182;-49,043404
CATARINENSE HOLDING;2020;BR-101/SC;Crescente;337,861;-28,494560;-28,538975;343,040;-49,043403;-49,053227
CATARINENSE HOLDING;2020;BR-101/SC;Crescente;343,041;-28,538974;-28,541517;343,340;-49,053226;-49,053229
CATARINENSE HOLDING;2020;BR-101/SC;Crescente;347,080;-28,575382;-28,578382;347,420;-49,052725;-49,052585
CATARINENSE HOLDING;2020;BR-101/SC;Crescente;347,421;-28,578381;-28,589298;348,800;-49,052584;-49,045808
CATARINENSE HOLDING;2020;BR-101/SC;Crescente;348,801;-28,589297;-28,591675;349,100;-49,045807;-49,044980
CATARINENSE HOLDING;2020;BR-101/SC;Crescente;349,900;-28,597674;-28,603329;350,700;-49,049709;-49,054815
CATARINENSE HOLDING;2020;BR-101/SC;Crescente;351,960;-28,612500;-28,613567;352,200;-49,062587;-49,064508
CATARINENSE HOLDING;2020;BR-101/SC;Crescente;352,201;-28,613566;-28,613583;352,460;-49,064507;-49,064664
CATARINENSE HOLDING;2020;BR-101/SC;Crescente;353,760;-28,614919;-28,611209;354,400;-49,066472;-49,061665
CATARINENSE HOLDING;2020;BR-101/SC;Crescente;356,740;-28,641803;-28,671823;361,060;-49,100193;-49,123582
CATARINENSE HOLDING;2020;BR-101/SC;Crescente;362,380;-28,676626;-28,682295;363,660;-49,135487;-49,146773
CATARINENSE HOLDING;2020;BR-101/SC;Crescente;363,661;-28,682294;-28,683021;363,840;-49,146772;-49,148180
CATARINENSE HOLDING;2020;BR-101/SC;Crescente;367,500;-28,696724;-28,698344;368,440;-49,181772;-49,190367
CATARINENSE HOLDING;2020;BR-101/SC;Crescente;368,441;-28,698343;-28,699341;368,620;-49,190366;-49,192602
CATARINENSE HOLDING;2020;BR-101/SC;Crescente;372,280;-28,715028;-28,717051;373,000;-49,225532;-49,232096
CATARINENSE HOLDING;2020;BR-101/SC;Crescente;374,900;-28,731153;-28,731761;375,000;-49,243541;-49,244068
CATARINENSE HOLDING;2020;BR-101/SC;Crescente;375,001;-28,731760;-28,753816;379,000;-49,244067;-49,275356
CATARINENSE HOLDING;2020;BR-101/SC;Crescente;379,080;-28,753663;-28,774257;383,580;-49,275848;-49,315370
CATARINENSE HOLDING;2020;BR-101/SC;Crescente;385,780;-28,783990;-28,784834;385,980;-49,335453;-49,337048
CATARINENSE HOLDING;2020;BR-101/SC;Crescente;385,981;-28,784833;-28,786717;386,340;-49,337532;-49,340297
CATARINENSE HOLDING;2020;BR-101/SC;Crescente;387,340;-28,791677;-28,794221;387,860;-49,348873;-49,353330
CATARINENSE HOLDING;2020;BR-101/SC;Crescente;387,861;-28,794221;-28,798951;388,800;-49,353330;-49,361324
CATARINENSE HOLDING;2020;BR-101/SC;Crescente;388,801;-28,798950;-28,800860;389,180;-49,361323;-49,364311
CATARINENSE HOLDING;2020;BR-101/SC;Crescente;389,230;-28,800862;-28,806441;390,280;-49,365440;-49,374114
CATARINENSE HOLDING;2020;BR-101/SC;Crescente;390,281;-28,806440;-28,808914;390,860;-49,374113;-49,379046
CATARINENSE HOLDING;2020;BR-101/SC;Crescente;391,580;-28,811617;-28,812027;391,700;-49,386027;-49,386950
CATARINENSE HOLDING;2020;BR-101/SC;Crescente;391,701;-28,812026;-28,815413;392,380;-49,386949;-49,392685
CATARINENSE HOLDING;2020;BR-101/SC;Crescente;392,381;-28,815412;-28,816814;392,580;-49,392684;-49,393989
CATARINENSE HOLDING;2020;BR-101/SC;Crescente;393,400;-28,821621;-28,830639;395,200;-49,400672;-49,413531
CATARINENSE HOLDING;2020;BR-101/SC;Crescente;396,420;-28,838993;-28,840354;396,680;-49,424646;-49,426590
CATARINENSE HOLDING;2020;BR-101/SC;Crescente;396,681;-28,840353;-28,877762;401,820;-49,426863;-49,457542
CATARINENSE HOLDING;2020;BR-101/SC;Crescente;401,821;-28,877761;-28,879697;402,100;-49,457541;-49,458858
CATARINENSE HOLDING;2020;BR-101/SC;Crescente;414,980;-28,965091;-28,980133;417,200;-49,523151;-49,537087
CATARINENSE HOLDING;2020;BR-101/SC;Crescente;417,600;-28,982892;-29,004723;420,960;-49,539949;-49,563605
CATARINENSE HOLDING;2020;BR-101/SC;Crescente;421,220;-29,006606;-29,103463;434,680;-49,566632;-49,636215
CATARINENSE HOLDING;2020;BR-101/SC;Crescente;434,681;-29,103463;-29,111670;435,620;-49,636215;-49,638895
CATARINENSE HOLDING;2020;BR-101/SC;Crescente;435,621;-29,112071;-29,123507;438,080;-49,638945;-49,656202
CATARINENSE HOLDING;2020;BR-101/SC;Crescente;438,081;-29,123506;-29,123823;438,480;-49,656201;-49,659849
CATARINENSE HOLDING;2020;BR-101/SC;Crescente;438,960;-29,123941;-29,123930;439,280;-49,664903;-49,668032
CATARINENSE HOLDING;2020;BR-101/SC;Crescente;439,281;-29,123929;-29,158720;447,140;-49,668032;-49,735212
CATARINENSE HOLDING;2020;BR-101/SC;Crescente;447,141;-29,158719;-29,159937;447,380;-49,735211;-49,736833
CATARINENSE HOLDING;2020;BR-101/SC;Crescente;448,000;-29,163621;-29,164426;448,140;-49,741864;-49,742702
CATARINENSE HOLDING;2020;BR-101/SC;Crescente;448,141;-29,164425;-29,177367;449,900;-49,742927;-49,753498
CATARINENSE HOLDING;2020;BR-101/SC;Crescente;449,901;-29,177366;-29,178873;450,100;-49,753497;-49,754237
CATARINENSE HOLDING;2020;BR-101/SC;Crescente;450,480;-29,182244;-29,183699;450,660;-49,755278;-49,755444
CATARINENSE HOLDING;2020;BR-101/SC;Crescente;450,661;-29,183698;-29,232953;456,320;-49,755436;-49,758268
CATARINENSE HOLDING;2020;BR-101/SC;Crescente;456,321;-29,232952;-29,236303;456,700;-49,758267;-49,756984
CATARINENSE HOLDING;2020;BR-101/SC;Crescente;462,720;-29,289008;-29,291725;463,180;-49,757978;-49,761404
CATARINENSE HOLDING;2020;BR-101/SC;Crescente;463,181;-29,291724;-29,298115;464,220;-49,761404;-49,769498
CATARINENSE HOLDING;2020;BR-101/SC;Decrescente;464,230;-29,298816;-29,292264;463,160;-49,769216;-49,761477
CATARINENSE HOLDING;2020;BR-101/SC;Decrescente;463,159;-29,292263;-29,288658;462,560;-49,761476;-49,757435
CATARINENSE HOLDING;2020;BR-101/SC;Decrescente;456,200;-29,232669;-29,227474;455,600;-49,757966;-49,759466
CATARINENSE HOLDING;2020;BR-101/SC;Decrescente;455,599;-29,227473;-29,184021;450,660;-49,759465;-49,754960
CATARINENSE HOLDING;2020;BR-101/SC;Decrescente;450,659;-29,184020;-29,181844;450,360;-49,754959;-49,755020
CATARINENSE HOLDING;2020;BR-101/SC;Decrescente;450,040;-29,178886;-29,177653;449,860;-49,754031;-49,753164
CATARINENSE HOLDING;2020;BR-101/SC;Decrescente;449,859;-29,177652;-29,165185;448,160;-49,753163;-49,742838
CATARINENSE HOLDING;2020;BR-101/SC;Decrescente;448,159;-29,165184;-29,163366;447,900;-49,742837;-49,741290
CATARINENSE HOLDING;2020;BR-101/SC;Decrescente;447,400;-29,160369;-29,159186;447,160;-49,737132;-49,735249
CATARINENSE HOLDING;2020;BR-101/SC;Decrescente;447,159;-29,159185;-29,139593;444,280;-49,735248;-49,715244
CATARINENSE HOLDING;2020;BR-101/SC;Decrescente;444,279;-29,139592;-29,138860;444,120;-49,715243;-49,715318
CATARINENSE HOLDING;2020;BR-101/SC;Decrescente;444,119;-29,138859;-29,134489;443,020;-49,715317;-49,704611
CATARINENSE HOLDING;2020;BR-101/SC;Decrescente;443,019;-29,134488;-29,134218;442,740;-49,704610;-49,704391
CATARINENSE HOLDING;2020;BR-101/SC;Decrescente;441,960;-29,131835;-29,130710;441,460;-49,694600;-49,689752
CATARINENSE HOLDING;2020;BR-101/SC;Decrescente;441,459;-29,130709;-29,125534;439,660;-49,689751;-49,671959
CATARINENSE HOLDING;2020;BR-101/SC;Decrescente;439,659;-29,125533;-29,124778;439,400;-49,671958;-49,669656
CATARINENSE HOLDING;2020;BR-101/SC;Decrescente;437,940;-29,123828;-29,123885;437,640;-49,654611;-49,651717
CATARINENSE HOLDING;2020;BR-101/SC;Decrescente;437,639;-29,123884;-29,119082;436,560;-49,651716;-49,639680
CATARINENSE HOLDING;2020;BR-101/SC;Decrescente;436,559;-29,119081;-29,118866;436,360;-49,639679;-49,640905
CATARINENSE HOLDING;2020;BR-101/SC;Decrescente;436,359;-29,118865;-29,114191;435,810;-49,640904;-49,639239
CATARINENSE HOLDING;2020;BR-101/SC;Decrescente;435,809;-29,114190;-29,209693;435,620;-49,639238;-49,755970
CATARINENSE HOLDING;2020;BR-101/SC;Decrescente;435,619;-29,209692;-29,111522;435,520;-49,755969;-49,638274
CATARINENSE HOLDING;2020;BR-101/SC;Decrescente;435,519;-29,111522;-29,103745;434,640;-49,638274;-49,635763
CATARINENSE HOLDING;2020;BR-101/SC;Decrescente;434,639;-29,103401;-28,970924;415,780;-49,635733;-49,527046
CATARINENSE HOLDING;2020;BR-101/SC;Decrescente;415,779;-28,970923;-28,969747;415,580;-49,527045;-49,525731
CATARINENSE HOLDING;2020;BR-101/SC;Decrescente;402,080;-28,879853;-28,878109;401,800;-49,458691;-49,457175
CATARINENSE HOLDING;2020;BR-101/SC;Decrescente;401,799;-28,878108;-28,839285;396,450;-49,457174;-49,424343
CATARINENSE HOLDING;2020;BR-101/SC;Decrescente;395,480;-28,832987;-28,832223;395,280;-49,415577;-49,414400
CATARINENSE HOLDING;2020;BR-101/SC;Decrescente;395,279;-28,832222;-28,822477;393,484;-49,414399;-49,400980
CATARINENSE HOLDING;2020;BR-101/SC;Decrescente;392,510;-28,816753;-28,815545;392,280;-49,393477;-49,392018
CATARINENSE HOLDING;2020;BR-101/SC;Decrescente;392,279;-28,815544;-28,812202;391,540;-49,392017;-49,385334
CATARINENSE HOLDING;2020;BR-101/SC;Decrescente;390,900;-28,809391;-28,799926;388,870;-49,379861;-49,362075
CATARINENSE HOLDING;2020;BR-101/SC;Decrescente;386,450;-28,787588;-28,786836;386,290;-49,341221;-49,339851
CATARINENSE HOLDING;2020;BR-101/SC;Decrescente;386,289;-28,786835;-28,784789;385,900;-49,339850;-49,336044
CATARINENSE HOLDING;2020;BR-101/SC;Decrescente;385,899;-28,784788;-28,783759;385,660;-49,336043;-49,334638
CATARINENSE HOLDING;2020;BR-101/SC;Decrescente;384,000;-28,776709;-28,774169;383,000;-49,319660;-49,314269
CATARINENSE HOLDING;2020;BR-101/SC;Decrescente;382,860;-28,771941;-28,771270;382,640;-49,309205;-49,307540
CATARINENSE HOLDING;2020;BR-101/SC;Decrescente;382,639;-28,771269;-28,768845;382,000;-49,307539;-49,302312
CATARINENSE HOLDING;2020;BR-101/SC;Decrescente;380,840;-28,763106;-28,762494;380,700;-49,290995;-49,289963
CATARINENSE HOLDING;2020;BR-101/SC;Decrescente;380,699;-28,762493;-28,753475;379,000;-49,289962;-49,275628
CATARINENSE HOLDING;2020;BR-101/SC;Decrescente;378,999;-28,753807;-28,735273;375,420;-49,275132;-49,246246
CATARINENSE HOLDING;2020;BR-101/SC;Decrescente;375,419;-28,735272;-28,730880;374,800;-49,246245;-49,242943
CATARINENSE HOLDING;2020;BR-101/SC;Crescente;250,190;-27,944121;-27,945353;250,380;-48,668522;-48,669749
CATARINENSE HOLDING;2020;BR-101/SC;Crescente;250,381;-27,945352;-27,947698;250,720;-48,669748;-48,671773
CATARINENSE HOLDING;2020;BR-101/SC;Decrescente;373,020;-28,717561;-28,716326;372,680;-49,232334;-49,229272
CATARINENSE HOLDING;2020;BR-101/SC;Decrescente;372,679;-28,716325;-28,716097;372,600;-49,229271;-49,228464
CATARINENSE HOLDING;2020;BR-101/SC;Decrescente;372,599;-28,716096;-28,715265;372,260;-49,228463;-49,225300
CATARINENSE HOLDING;2020;BR-101/SC;Decrescente;370,120;-28,706786;-28,705957;369,910;-49,205593;-49,203730
CATARINENSE HOLDING;2020;BR-101/SC;Decrescente;369,890;-28,705956;-28,697944;367,590;-49,203729;-49,181894
CATARINENSE HOLDING;2020;BR-101/SC;Decrescente;367,589;-28,697943;-28,697537;367,180;-49,181893;-49,178262
CATARINENSE HOLDING;2020;BR-101/SC;Decrescente;363,900;-28,683552;-28,682843;363,680;-49,148700;-49,146854
CATARINENSE HOLDING;2020;BR-101/SC;Decrescente;363,679;-28,682842;-28,672107;360,940;-49,146853;-49,122234
CATARINENSE HOLDING;2020;BR-101/SC;Decrescente;360,910;-28,671811;-28,638502;356,360;-49,121701;-49,097308
CATARINENSE HOLDING;2020;BR-101/SC;Decrescente;354,359;-28,626179;-28,623057;353,780;-49,081658;-49,077126
CATARINENSE HOLDING;2020;BR-101/SC;Decrescente;352,590;-28,615935;-28,614531;352,240;-49,067071;-49,064659
CATARINENSE HOLDING;2020;BR-101/SC;Decrescente;352,239;-28,614530;-28,613644;352,100;-49,064658;-49,063592
CATARINENSE HOLDING;2020;BR-101/SC;Decrescente;352,099;-28,613643;-28,612361;351,880;-49,063591;-49,061976
CATARINENSE HOLDING;2020;BR-101/SC;Decrescente;350,690;-28,603665;-28,597373;349,790;-49,054745;-49,049000
CATARINENSE HOLDING;2020;BR-101/SC;Decrescente;349,200;-28,593094;-28,591341;348,980;-49,045220;-49,044610
CATARINENSE HOLDING;2020;BR-101/SC;Decrescente;348,979;-28,591340;-28,578359;347,400;-49,044609;-49,051893
CATARINENSE HOLDING;2020;BR-101/SC;Decrescente;347,399;-28,578358;-28,574164;346,880;-49,051892;-49,052715
CATARINENSE HOLDING;2020;BR-101/SC;Decrescente;343,360;-28,542242;-28,538813;342,960;-49,053101;-49,052660
CATARINENSE HOLDING;2020;BR-101/SC;Decrescente;342,959;-28,538812;-28,495355;337,870;-49,052659;-49,042892
CATARINENSE HOLDING;2020;BR-101/SC;Decrescente;337,869;-28,495354;-28,492887;337,530;-49,042891;-49,041014
CATARINENSE HOLDING;2020;BR-101/SC;Decrescente;335,940;-28,480865;-28,468942;333,360;-49,033906;-49,012454
CATARINENSE HOLDING;2020;BR-101/SC;Decrescente;333,359;-28,468941;-28,467381;332,000;-49,012453;-48,998423
CATARINENSE HOLDING;2020;BR-101/SC;Decrescente;331,999;-28,467380;-28,464830;331,420;-48,998422;-48,993746
CATARINENSE HOLDING;2020;BR-101/SC;Decrescente;331,419;-28,464829;-28,454980;329,600;-48,993745;-48,979413
CATARINENSE HOLDING;2020;BR-101/SC;Decrescente;329,590;-28,454979;-28,453528;329,320;-48,979412;-48,976840
CATARINENSE HOLDING;2020;BR-101/SC;Decrescente;328,490;-28,448961;-28,426630;325,000;-48,969731;-48,945376
CATARINENSE HOLDING;2020;BR-101/SC;Decrescente;324,999;-28,426629;-28,425555;324,740;-48,945377;-48,943083
CATARINENSE HOLDING;2020;BR-101/SC;Decrescente;324,739;-28,425554;-28,424834;323,940;-48,943082;-48,935324
CATARINENSE HOLDING;2020;BR-101/SC;Decrescente;323,540;-28,425554;-28,427603;323,040;-48,931418;-48,927020
CATARINENSE HOLDING;2020;BR-101/SC;Decrescente;323,039;-28,427602;-28,426795;321,090;-48,927019;-48,907595
CATARINENSE HOLDING;2020;BR-101/SC;Decrescente;320,530;-28,425119;-28,424781;320,230;-48,902554;-48,899507
CATARINENSE HOLDING;2020;BR-101/SC;Decrescente;320,229;-28,424780;-28,426732;316,320;-48,899506;-48,861120
CATARINENSE HOLDING;2020;BR-101/SC;Decrescente;316,319;-28,426731;-28,426380;316,140;-48,861119;-48,859701
CATARINENSE HOLDING;2020;BR-101/SC;Decrescente;315,900;-28,425336;-28,425200;315,740;-48,857297;-48,855855
CATARINENSE HOLDING;2020;BR-101/SC;Decrescente;315,739;-28,425199;-28,427075;315,340;-48,855854;-48,852254
CATARINENSE HOLDING;2020;BR-101/SC;Decrescente;315,339;-28,427074;-28,428103;315,160;-48,852253;-48,851275
CATARINENSE HOLDING;2020;BR-101/SC;Decrescente;311,400;-28,440889;-28,440220;310,920;-48,817153;-48,812432
CATARINENSE HOLDING;2020;BR-101/SC;Decrescente;310,919;-28,440219;-28,404643;306,360;-48,812431;-48,789797
CATARINENSE HOLDING;2020;BR-101/SC;Decrescente;306,359;-28,404642;-28,402264;306,020;-48,789796;-48,787744
CATARINENSE HOLDING;2020;BR-101/SC;Decrescente;304,660;-28,392743;-28,390575;304,320;-48,778809;-48,776579
CATARINENSE HOLDING;2020;BR-101/SC;Decrescente;304,319;-28,390574;-28,389986;304,240;-48,776578;-48,776024
CATARINENSE HOLDING;2020;BR-101/SC;Decrescente;304,239;-28,389985;-28,381641;303,050;-48,776023;-48,768215
CATARINENSE HOLDING;2020;BR-101/SC;Decrescente;303,000;-28,381123;-28,378870;302,640;-48,768544;-48,765660
CATARINENSE HOLDING;2020;BR-101/SC;Decrescente;302,639;-28,378869;-28,375978;302,240;-48,765659;-48,762930
CATARINENSE HOLDING;2020;BR-101/SC;Decrescente;302,239;-28,375977;-28,372833;301,780;-48,762929;-48,760176
CATARINENSE HOLDING;2020;BR-101/SC;Decrescente;300,500;-28,363747;-28,361328;300,120;-48,751744;-48,749262
CATARINENSE HOLDING;2020;BR-101/SC;Decrescente;300,119;-28,361327;-28,360098;299,950;-48,749261;-48,748083
CATARINENSE HOLDING;2020;BR-101/SC;Decrescente;299,949;-28,360097;-28,357264;299,540;-48,748082;-48,745606
CATARINENSE HOLDING;2020;BR-101/SC;Decrescente;297,440;-28,341949;-28,340502;297,260;-48,732823;-48,732540
CATARINENSE HOLDING;2020;BR-101/SC;Decrescente;297,259;-28,340501;-28,334211;296,580;-48,732539;-48,732465
CATARINENSE HOLDING;2020;BR-101/SC;Decrescente;296,579;-28,334210;-28,332766;296,400;-48,732464;-48,732510
CATARINENSE HOLDING;2020;BR-101/SC;Decrescente;295,960;-28,328625;-28,327257;295,780;-48,731938;-48,731282
CATARINENSE HOLDING;2020;BR-101/SC;Decrescente;295,779;-28,327256;-28,321828;295,140;-48,731281;-48,728280
CATARINENSE HOLDING;2020;BR-101/SC;Decrescente;295,139;-28,321827;-28,316843;294,500;-48,728279;-48,725693
CATARINENSE HOLDING;2020;BR-101/SC;Decrescente;294,499;-28,316842;-28,315444;294,320;-48,725692;-48,724954
CATARINENSE HOLDING;2020;BR-101/SC;Decrescente;292,260;-28,298534;-28,297977;292,160;-48,716280;-48,715718
CATARINENSE HOLDING;2020;BR-101/SC;Decrescente;292,159;-28,297976;-28,290122;290,980;-48,715717;-48,707666
CATARINENSE HOLDING;2020;BR-101/SC;Decrescente;290,979;-28,290121;-28,288477;290,760;-48,707665;-48,706476
CATARINENSE HOLDING;2020;BR-101/SC;Decrescente;288,860;-28,272641;-28,260682;287,440;-48,700113;-48,704352
CATARINENSE HOLDING;2020;BR-101/SC;Decrescente;283,860;-28,228945;-28,212322;281,800;-48,701347;-48,699270
CATARINENSE HOLDING;2020;BR-101/SC;Decrescente;284,914;-28,238381;-28,227695;283,870;-48,700357;-48,701248
CATARINENSE HOLDING;2020;BR-101/SC;Decrescente;278,800;-28,183658;-28,178268;278,100;-48,695806;-48,695156
CATARINENSE HOLDING;2020;BR-101/SC;Decrescente;277,100;-28,168439;-28,157355;275,860;-48,694138;-48,692606
CATARINENSE HOLDING;2020;BR-101/SC;Decrescente;268,950;-28,097263;-28,093456;268,400;-48,705877;-48,709271
CATARINENSE HOLDING;2020;BR-101/SC;Decrescente;266,880;-28,079407;-28,075298;266,380;-48,711321;-48,712519
CATARINENSE HOLDING;2020;BR-101/SC;Decrescente;266,379;-28,075297;-28,067630;265,530;-48,712518;-48,714615
CATARINENSE HOLDING;2020;BR-101/SC;Decrescente;265,529;-28,067629;-28,064350;265,160;-48,714614;-48,715490
CATARINENSE HOLDING;2020;BR-101/SC;Decrescente;265,159;-28,064349;-28,061510;264,780;-48,715489;-48,716453
CATARINENSE HOLDING;2020;BR-101/SC;Decrescente;263,830;-28,053015;-28,047185;263,140;-48,716802;-48,714832
CATARINENSE HOLDING;2020;BR-101/SC;Decrescente;253,300;-27,969901;-27,967693;253,040;-48,679432;-48,679298
CATARINENSE HOLDING;2020;BR-101/SC;Decrescente;253,039;-27,967692;-27,960657;252,260;-48,679297;-48,678743
CATARINENSE HOLDING;2020;BR-101/SC;Decrescente;252,259;-27,960656;-27,958523;252,000;-48,678742;-48,677773
CATARINENSE HOLDING;2020;BR-101/SC;Decrescente;250,830;-27,949166;-27,943871;250,100;-48,672107;-48,667879
CONCEBRA;2017;BR-60/GO;Decrescente;30,110;-16,095641;-16,093416;33,410;-48,487987;-48,515888
CONCEBRA;2017;BR-60/GO;Decrescente;92,370;-16,354428;-16,352809;93,580;-48,928050;-48,915335
CONCEBRA;2017;BR-60/GO;Decrescente;93,760;-16,394025;-16,354927;99,300;-48,960076;-48,929739
CONCEBRA;2017;BR-60/GO;Crescente;95,340;-16,367473;-16,390500;98,780;-48,939040;-48,957913
CONCEBRA;2017;BR-60/GO;Decrescente;100,870;-16,401229;-16,403572;101,500;-48,972309;-48,977476
CONCEBRA;2017;BR-60/GO;Decrescente;136,260;-16,600237;-16,619097;138,590;-49,199683;-49,205812
CONCEBRA;2017;BR-60/GO;Crescente;136,260;-16,600153;-16,618593;138,590;-49,200043;-49,207186
CONCER;2016;BR-40/RJ;Crescente;104,000;-22,629373;-22,692280;111,000;-43,285583;-43,287715
CONCER;2016;BR-40/RJ;Crescente;117,000;-22,746770;-22,814647;125,000;-43,288028;-43,288197
CONCER;2016;BR-40/RJ;Decrescente;104,000;-22,628918;-22,692387;111,000;-43,285455;-43,287414
CONCER;2016;BR-40/RJ;Decrescente;117,000;-22,746951;-22,815556;125,000;-43,287649;-43,287103
CRT;2017;BR-116/RJ;Crescente;67,030;-22,313900;-22,319300;67,650;-42,937400;-42,937900
CRT;2017;BR-116/RJ;Decrescente;66,950;-22,313300;-22,320100;67,759;-42,937000;-42,938400
CRT;2017;BR-116/RJ;Crescente;71,080;-22,350213;-22,351795;71,276;-42,940309;-42,941205
CRT;2017;BR-116/RJ;Decrescente;71,080;-22,350213;-22,351795;71,276;-42,940309;-42,941205
CRT;2017;BR-116/RJ;Decrescente;77,010;-22,387100;-22,391200;77,480;-42,953900;-42,953200
CRT;2017;BR-116/RJ;Crescente;77,010;-22,387140;-22,391191;77,480;-42,953899;-42,953242
CRT;2017;BR-116/RJ;Crescente;78,220;-22,397500;-22,399700;78,464;-42,954800;-42,954800
CRT;2017;BR-116/RJ;Decrescente;82,485;-22,431120;-22,434622;82,900;-42,949030;-42,947856
CRT;2017;BR-116/RJ;Crescente;82,760;-22,433087;-22,435204;82,960;-42,947937;-42,947968
CRT;2017;BR-116/RJ;Decrescente;105,860;-22,545110;-22,545717;106,000;-42,986378;-42,987584
CRT;2017;BR-116/RJ;Decrescente;106,230;-22,547437;-22,548602;106,360;-42,988780;-42,989149
CRT;2017;BR-116/RJ;Decrescente;107,200;-22,554125;-22,566700;108,670;-42,991668;-43,001115
CRT;2017;BR-116/RJ;Crescente;106,000;-22,545700;-22,561800;108,047;-42,987600;-42,997700
CRT;2017;BR-116/RJ;Decrescente;111,100;-22,583900;-22,585168;111,280;-43,015400;-43,016396
CRT;2017;BR-116/RJ;Decrescente;111,350;-22,585623;-22,591500;112,099;-43,017099;-43,020800
CRT;2017;BR-116/RJ;Crescente;111,405;-22,586000;-22,588900;111,789;-43,017400;-43,019500
CRT;2017;BR-116/RJ;Decrescente;125,380;-22,663622;-22,660449;125,750;-43,115066;-43,116610
CRT;2017;BR-116/RJ;Crescente;125,680;-22,661177;-22,661012;125,999;-43,116370;-43,117229
CRT;2017;BR-116/RJ;Decrescente;127,100;-22,656600;-22,657000;127,795;-43,127300;-43,134100
CRT;2017;BR-116/RJ;Decrescente;130,850;-22,652100;-22,651200;131,149;-43,163700;-43,166500
CRT;2017;BR-116/RJ;Crescente;130,850;-22,652100;-22,650400;131,490;-43,163700;-43,169700
CRT;2017;BR-116/RJ;Decrescente;134,930;-22,646500;-22,646400;135,270;-43,203400;-43,206800
CRT;2017;BR-116/RJ;Crescente;136,950;-22,647200;-22,647900;137,447;-43,223400;-43,228300
CRT;2017;BR-116/RJ;Crescente;138,250;-22,650600;-22,652600;138,714;-43,235700;-43,239800
CRT;2017;BR-116/RJ;Decrescente;137,640;-22,648691;-22,649511;137,870;-43,230068;-43,232154
CRT;2017;BR-116/RJ;Decrescente;141,200;-22,665200;-22,672200;143,480;-43,260300;-43,281600
ECO050;2017;BR-50/GO;Crescente;207,400;-17,628420;-17,644190;209,500;-47,771460;-47,760660
ECO050;2017;BR-50/MG;Crescente;35,800;-18,654260;-18,676140;40,200;-48,146690;-48,178360
ECO050;2017;BR-50/MG;Decrescente;35,400;-18,652640;-18,675790;40,200;-48,142760;-48,178210
ECO050;2017;BR-50/MG;Crescente;174,850;-19,776720;-19,779250;177,400;-47,971510;-47,948330
ECO050;2017;BR-50/MG;Decrescente;174,850;-19,777020;-19,779450;177,640;-47,971280;-47,945570
ECO050;2017;BR-50/MG;Decrescente;178,400;-19,778800;-19,778230;179,250;-47,938380;-47,930390
ECO050;2017;BR-50/MG;Crescente;178,400;-19,778940;-19,778350;179,250;-47,938880;-47,930710
ECO101 CONCESSIONARIA DE RODOVIAS S/A;2020;BR-101/ES;Decrescente;264,038;-20,173261;-20,233644;270,834;-40,267023;-40,274978
ECO101 CONCESSIONARIA DE RODOVIAS S/A;2020;BR-101/ES;Decrescente;270,950;-20,233081;-20,211634;276,826;-40,276255;-40,319005
ECO101 CONCESSIONARIA DE RODOVIAS S/A;2020;BR-101/ES;Crescente;272,548;-20,223535;-20,213006;274,006;-40,287459;-40,295882
ECO101 CONCESSIONARIA DE RODOVIAS S/A;2020;BR-101/ES;Crescente;282,714;-20,229929;-20,235724;283,383;-40,367507;-40,369865
ECO101 CONCESSIONARIA DE RODOVIAS S/A;2020;BR-101/ES;Decrescente;282,738;-20,230513;-20,254605;285,558;-40,366931;-40,374568
ECO101 CONCESSIONARIA DE RODOVIAS S/A;2020;BR-101/ES;Crescente;292,853;-20,313662;-20,321991;293,772;-40,395654;-40,395475
ECO101 CONCESSIONARIA DE RODOVIAS S/A;2020;BR-101/ES;Decrescente;292,900;-20,314099;-20,324673;294,082;-40,395441;-40,395512
ECO101 CONCESSIONARIA DE RODOVIAS S/A;2020;BR-101/ES;Crescente;294,649;-20,328989;-20,345407;297,036;-40,398584;-40,410589
ECO101 CONCESSIONARIA DE RODOVIAS S/A;2020;BR-101/ES;Decrescente;294,738;-20,329829;-20,342185;296,217;-40,398742;-40,404448
ECO101 CONCESSIONARIA DE RODOVIAS S/A;2020;BR-101/ES;Crescente;297,678;-20,350783;-20,366074;301,731;-40,413135;-40,443721
ECO101 CONCESSIONARIA DE RODOVIAS S/A;2020;BR-101/ES;Decrescente;298,011;-20,353162;-20,358639;300,121;-40,415020;-40,432145
ECO101 CONCESSIONARIA DE RODOVIAS S/A;2020;BR-101/ES;Crescente;302,881;-20,376043;-20,381278;304,464;-40,443455;-40,457088
ECO101 CONCESSIONARIA DE RODOVIAS S/A;2020;BR-101/ES;Decrescente;14,975;-18,289725;-18,301436;16,298;-39,954558;-39,957418
ECO101 CONCESSIONARIA DE RODOVIAS S/A;2020;BR-101/ES;Crescente;14,991;-18,289791;-18,301544;16,309;-39,954779;-39,957554
ECO101 CONCESSIONARIA DE RODOVIAS S/A;2020;BR-101/ES;Decrescente;66,125;-18,713132;-18,724003;68,457;-39,877930;-39,860383
ECO101 CONCESSIONARIA DE RODOVIAS S/A;2020;BR-101/ES;Crescente;66,130;-18,713249;-18,729336;69,062;-39,878373;-39,860240
ECO101 CONCESSIONARIA DE RODOVIAS S/A;2020;BR-101/ES;Decrescente;68,458;-18,723894;-18,729022;69,023;-39,860217;-39,859776
ECO101 CONCESSIONARIA DE RODOVIAS S/A;2020;BR-101/ES;Decrescente;91,301;-18,901707;-18,908457;92,126;-39,957705;-39,960966
ECO101 CONCESSIONARIA DE RODOVIAS S/A;2020;BR-101/ES;Crescente;91,302;-18,901650;-18,908419;92,128;-39,957824;-39,961078
ECO101 CONCESSIONARIA DE RODOVIAS S/A;2020;BR-101/ES;Crescente;126,282;-19,188187;-19,208507;128,468;-40,094702;-40,095013
ECO101 CONCESSIONARIA DE RODOVIAS S/A;2020;BR-101/ES;Decrescente;126,318;-19,188528;-19,210093;128,637;-40,094572;-40,094723
ECO101 CONCESSIONARIA DE RODOVIAS S/A;2020;BR-101/ES;Crescente;138,801;-19,305205;-19,407283;150,486;-40,082620;-40,064159
ECO101 CONCESSIONARIA DE RODOVIAS S/A;2020;BR-101/ES;Decrescente;138,810;-19,305218;-19,406951;150,405;-40,082424;-40,063398
ECO101 CONCESSIONARIA DE RODOVIAS S/A;2020;BR-101/ES;Crescente;172,931;-19,573104;-19,585643;174,422;-40,184533;-40,190276
ECO101 CONCESSIONARIA DE RODOVIAS S/A;2020;BR-101/ES;Decrescente;174,352;-19,585147;-19,587397;174,626;-40,189793;-40,190995
ECO101 CONCESSIONARIA DE RODOVIAS S/A;2020;BR-101/ES;Crescente;204,315;-19,752154;-19,756009;204,734;-40,380383;-40,380029
ECO101 CONCESSIONARIA DE RODOVIAS S/A;2020;BR-101/ES;Decrescente;204,321;-19,752216;-19,756021;204,739;-40,380165;-40,379837
ECO101 CONCESSIONARIA DE RODOVIAS S/A;2020;BR-101/ES;Crescente;229,320;-19,931538;-19,933521;229,551;-40,405718;-40,405081
ECO101 CONCESSIONARIA DE RODOVIAS S/A;2020;BR-101/ES;Decrescente;255,347;-20,117041;-20,118308;255,689;-40,315083;-40,312198
ECO101 CONCESSIONARIA DE RODOVIAS S/A;2020;BR-101/ES;Decrescente;256,361;-20,121520;-20,124063;256,800;-40,306932;-40,303825
ECO101 CONCESSIONARIA DE RODOVIAS S/A;2020;BR-101/ES;Decrescente;261,925;-20,156816;-20,168953;263,457;-40,276660;-40,270121
ECO101 CONCESSIONARIA DE RODOVIAS S/A;2020;BR-101/ES;Crescente;264,035;-20,173416;-20,229278;271,673;-40,267315;-40,281766
ECOSUL;1996;BR-116/RS;Decrescente;525,380;-31,738811;-31,718677;522,630;-52,395870;-52,378669
ECOSUL;1996;BR-116/RS;Decrescente;521,400;-31,710085;-31,638842;512,490;-52,370238;-52,833834
ECOSUL;1996;BR-116/RS;Crescente;511,900;-31,644757;-31,710292;521,400;-52,335313;-52,370540
ECOSUL;1996;BR-116/RS;Crescente;523,000;-31,721110;-31,738764;525,380;-52,381247;-52,395907
NOVADUTRA;1998;Alça M/SP 2 - 1/SP;Decrescente;149,830;-23,210803;-23,207653;149,301;-45,890226;-45,886614
NOVADUTRA;1998;Alça M/SP 2 - 2/SP;Decrescente;178,000;-22,748439;-22,765026;174,721;-43,443408;-43,416313
NOVADUTRA;1998;Alça M/SP 2 - 3/SP;Decrescente;165,800;-22,806008;-22,814575;164,100;-43,342646;-43,327941
NOVADUTRA;1998;Alça M/SP 2 - 4/SP;Decrescente;166,001;-22,805186;-22,803032;166,450;-43,344385;-43,348135
NOVADUTRA;1998;Alça M/RJ 2 - 1/RJ;Decrescente;170,301;-22,784911;-22,783518;170,600;-43,380091;-43,382558
NOVADUTRA;1998;Alça M/RJ 2 - 2/RJ;Decrescente;178,200;-22,747228;-22,745318;178,550;-43,444766;-43,447413
NOVADUTRA;1998;Alça M/RJ 1 - 1/RJ;Crescente;269,000;-22,561599;-22,561397;270,000;-44,156374;-44,165258
NOVADUTRA;1999;BR-116/RJ;Crescente;163,000;-22,819896;-22,803032;166,450;-43,320223;-43,348135
NOVADUTRA;1999;BR-116/RJ;Crescente;166,451;-22,803032;-22,800254;167,050;-43,348135;-43,353196
NOVADUTRA;1999;BR-116/RJ;Crescente;167,051;-22,800254;-22,798833;167,350;-43,353196;-43,355765
NOVADUTRA;1999;BR-116/RJ;Crescente;167,351;-22,798833;-22,796728;167,800;-43,355765;-43,359458
NOVADUTRA;1999;BR-116/RJ;Crescente;167,801;-22,796728;-22,784911;170,300;-43,359458;-43,380091
NOVADUTRA;1999;BR-116/RJ;Crescente;170,301;-22,784911;-22,783518;170,600;-43,380091;-43,382558
NOVADUTRA;1999;BR-116/RJ;Crescente;170,601;-22,783518;-22,758538;176,200;-43,382558;-43,428224
NOVADUTRA;1999;BR-116/RJ;Crescente;178,200;-22,747228;-22,745318;178,550;-43,444766;-43,447413
NOVADUTRA;1999;BR-116/RJ;Crescente;180,500;-22,738789;-22,738695;181,000;-43,463292;-43,469360
NOVADUTRA;1999;BR-116/RJ;Crescente;181,600;-22,738242;-22,737403;182,200;-43,472995;-43,479784
NOVADUTRA;1999;BR-116/RJ;Crescente;269,000;-22,561599;-22,561397;270,000;-44,156374;-44,165258
NOVADUTRA;1999;BR-116/SP;Crescente;144,240;-23,182254;-23,188109;145,600;-45,845950;-45,857589
NOVADUTRA;1999;BR-116/SP;Crescente;147,800;-23,197965;-23,237353;154,000;-45,876480;-45,919156
NOVADUTRA;1999;BR-116/SP;Crescente;211,700;-23,435420;-23,438418;212,500;-46,427402;-46,434670
NOVADUTRA;1999;BR-116/SP;Crescente;212,501;-23,438418;-23,486892;224,900;-46,434670;-46,543112
NOVADUTRA;1999;BR-116/SP;Crescente;224,901;-23,486892;-23,491779;225,850;-46,543112;-46,550724
NOVADUTRA;1999;BR-116/SP;Crescente;225,851;-23,491779;-23,496059;226,600;-46,550724;-46,556681
NOVADUTRA;1999;BR-116/SP;Crescente;226,601;-23,496059;-23,500426;227,400;-46,556681;-46,562993
NOVADUTRA;1999;BR-116/SP;Crescente;227,401;-23,500426;-23,503891;228,050;-46,562993;-46,567908
NOVADUTRA;1999;BR-116/SP;Crescente;228,051;-23,503891;-23,519376;230,350;-46,567908;-46,582900
NOVADUTRA;1999;BR-116/SP;Crescente;230,351;-23,519376;-23,521039;231,600;-46,582900;-46,584498
NOVADUTRA;1999;BR-116/SP;Decrescente;143,800;-23,177364;-23,187226;145,500;-45,837302;-45,856523
NOVADUTRA;1999;BR-116/SP;Decrescente;147,300;-23,195166;-23,218704;151,200;-45,871679;-45,898577
NOVADUTRA;1999;BR-116/SP;Decrescente;210,200;-23,429089;-23,430550;210,500;-46,412336;-46,415878
NOVADUTRA;1999;BR-116/SP;Decrescente;210,501;-23,430550;-23,432408;210,900;-46,415878;-46,419469
NOVADUTRA;1999;BR-116/SP;Decrescente;210,901;-23,432408;-23,453790;216,700;-46,419469;-46,471632
NOVADUTRA;1999;BR-116/SP;Decrescente;216,701;-23,453790;-23,464010;220,900;-46,471632;-46,496999
NOVADUTRA;1999;BR-116/SP;Decrescente;220,901;-23,464010;-23,473479;222,600;-46,496999;-46,522223
NOVADUTRA;1999;BR-116/SP;Decrescente;222,601;-23,473479;-23,476822;223,000;-46,522223;-46,527041
NOVADUTRA;1999;BR-116/SP;Decrescente;223,001;-23,476822;-23,490906;225,600;-46,527041;-46,548547
NOVADUTRA;1999;BR-116/SP;Decrescente;225,601;-23,490906;-23,501178;227,550;-46,548547;-46,564143
NOVADUTRA;1999;BR-116/SP;Decrescente;227,551;-23,501178;-23,509263;228,820;-46,564143;-46,572802
NOVADUTRA;1999;BR-116/SP;Decrescente;228,821;-23,509263;-23,520969;230,800;-46,572802;-46,584905
NOVADUTRA;1999;BR-116/SP;Decrescente;230,801;-23,520969;-23,524558;231,600;-46,584905;-46,587704
NOVADUTRA;1999;BR-116/RJ;Decrescente;164,000;-22,814226;-22,812299;164,400;-43,327484;-43,330820
NOVADUTRA;1999;BR-116/RJ;Decrescente;164,840;-22,801021;-22,805497;165,800;-43,350165;-43,342404
NOVADUTRA;1999;BR-116/RJ;Decrescente;165,801;-22,805497;-22,801021;166,750;-43,342404;-43,350165
NOVADUTRA;1999;BR-116/RJ;Decrescente;166,751;-22,801021;-22,749109;177,830;-43,350165;-43,441923
NOVADUTRA;1999;BR-116/RJ;Decrescente;177,831;-22,749109;-22,747236;178,200;-43,441923;-43,444663
NOVADUTRA;1999;BR-116/RJ;Decrescente;180,500;-22,738724;-22,737506;182,000;-43,465180;-43,478378
NOVADUTRA;1999;BR-116/RJ;Decrescente;316,190;-22,484245;-22,492677;318,390;-44,546169;-44,565449
NOVADUTRA;1999;Acesso km 166,3/RJ;Crescente;166,300;-22,803113;-22,802216;166,450;-43,347808;-43,349425
NOVADUTRA;1999;Acesso km 174/RJ;Crescente;174,310;-22,765585;-22,764912;174,700;-43,414352;-43,415714
NOVADUTRA;1999;Acesso km 145,4/SP;Crescente;145,280;-23,186456;-23,187229;145,470;-45,854642;-45,856135
NOVADUTRA;1999;Saída km 149,6/SP;Crescente;149,600;-23,207572;-23,209103;149,800;-45,887411;-45,888955
NOVADUTRA;1999;Saída km 150,5/SP;Crescente;150,300;-23,213349;-23,215210;150,600;-45,893573;-45,895561
NOVADUTRA;1999;Saída km 217,8/SP;Crescente;217,500;-23,456289;-23,457262;217,800;-46,477412;-46,479709
NOVADUTRA;1999;Acesso km 219,2 (Aeroporto)/SP;Crescente;219,200;-23,462761;-23,464022;219,700;-46,493926;-46,497326
NOVADUTRA;1999;Acesso km 225,8 (shopping)/SP;Crescente;225,750;-23,491713;-23,492486;225,850;-46,550755;-46,551813
NOVADUTRA;1999;Faixa de Ônibus km 227,7/SP;Crescente;227,600;-23,501371;-23,503130;228,050;-46,564573;-46,567123
NOVADUTRA;1999;Saída km 149,6/SP;Decrescente;149,200;-23,208165;-23,210729;149,600;-45,887263;-45,889994
NOVADUTRA;1999;Faixa ônibus km 150,5/SP;Decrescente;150,340;-23,214623;-23,216354;150,650;-45,894192;-45,896042
NOVADUTRA;1999;Saída km 210,8/SP;Decrescente;210,600;-23,430452;-23,433295;211,420;-46,414671;-46,421371
NOVADUTRA;1999;Acesso km 225,8 (UNG)/SP;Decrescente;225,580;-23,492354;-23,494375;225,820;-46,550576;-46,553362
NOVADUTRA;1999;Saída km 227,7 (Fernão Dias)/SP;Decrescente;227,570;-23,501725;-23,504792;228,200;-46,563886;-46,568057
NOVADUTRA;1999;Saída 2 km 166,0/RJ;Decrescente;166,000;-22,805728;-22,805950;165,950;-43,344081;-43,343714
NOVADUTRA;1999;Saída km 166,0/RJ;Decrescente;166,100;-22,804820;-22,805325;165,900;-43,345708;-43,344885
NOVADUTRA;1999;Acesso km 174 (Amoedo)/RJ;Decrescente;174,760;-22,764969;-22,767284;174,230;-43,416551;-43,412324
NOVADUTRA;1999;Acesso Marg. Km 178 (princ.)/RJ;Decrescente;177,831;-22,748754;-22,748121;178,000;-43,442958;-43,443811
NOVADUTRA;1999;Acesso Marg. Km 178 (local)/RJ;Decrescente;177,831;-22,748343;-22,751030;178,120;-43,443701;-43,439799
VIA 040;2010;BR-40/MG;Decrescente;549,120;-20,042606;-20,052927;550,450;-43,964265;-43,969152
VIA 040;2010;BR-40/MG;Decrescente;549,120;-20,042606;-20,052927;550,450;-43,964265;-43,969152
VIA 040;2010;BR-40/DF;Crescente;1,500;-15,990151;-15,995051;2,130;-47,986851;-47,985870
VIA 040;2010;BR-40/DF;Crescente;2,800;-16,001224;-16,005230;3,160;-47,984704;-47,983930
VIA 040;2010;BR-40/DF;Decrescente;2,800;-16,001200;-16,005119;3,160;-47,984147;-47,983391
VIA 040;2010;BR-40/GO;Crescente;3,220;-16,078157;-16,079092;3,320;-47,986289;-47,986499
VIA 040;2010;BR-40/MG;Crescente;279,000;-18,229195;-18,235428;279,950;-45,219530;-45,213647
VIA 040;2010;BR-40/MG;Crescente;424,070;-19,158256;-19,160889;424,570;-44,527793;-44,524653
VIA 040;2010;BR-40/MG;Crescente;426,000;-19,169972;-19,171672;426,390;-44,513580;-44,511510
VIA 040;2010;BR-40/MG;Decrescente;446,500;-19,291051;-19,298082;447,660;-44,386695;-44,379993
VIA 040;2010;BR-40/MG;Decrescente;448,950;-19,308446;-19,312574;449,560;-44,373087;-44,370321
VIA 040;2010;BR-40/MG;Decrescente;451,670;-19,330636;-19,335776;452,380;-44,362556;-44,359797
VIA 040;2010;BR-40/MG;Decrescente;453,570;-19,345938;-19,351040;454,300;-44,354308;-44,351601
VIA 040;2010;BR-40/MG;Decrescente;455,800;-19,361400;-19,363568;456,200;-44,341396;-44,339514
VIA 040;2010;BR-40/MG;Decrescente;458,580;-19,384589;-19,390194;459,400;-44,336432;-44,335253
VIA 040;2010;BR-40/MG;Decrescente;461,650;-19,410351;-19,413354;462,120;-44,334661;-44,337981
VIA 040;2010;BR-40/MG;Crescente;465,686;-19,441697;-19,445190;466,280;-44,327242;-44,323029
VIA 040;2010;BR-40/MG;Decrescente;465,686;-19,441569;-19,449352;467,050;-44,327023;-44,317646
VIA 040;2010;BR-40/MG;Crescente;469,200;-19,461696;-19,467050;470,100;-44,300218;-44,296130
VIA 040;2010;BR-40/MG;Decrescente;469,200;-19,461760;-19,468711;470,300;-44,299470;-44,295025
VIA 040;2010;BR-40/MG;Crescente;471,150;-19,475604;-19,479567;471,850;-44,290837;-44,286503
VIA 040;2010;BR-40/MG;Decrescente;471,150;-19,475315;-19,479223;471,850;-44,290420;-44,286464
VIA 040;2010;BR-40/MG;Decrescente;472,850;-19,487132;-19,493680;473,630;-44,280411;-44,280056
VIA 040;2010;BR-40/MG;Decrescente;474,944;-19,496845;-19,530032;478,300;-44,279742;-44,258229
VIA 040;2010;BR-40/MG;Crescente;481,250;-19,553072;-19,557532;481,900;-44,243830;-44,241377
VIA 040;2010;BR-40/MG;Decrescente;483,450;-19,570244;-19,573799;484,200;-44,235191;-44,229779
VIA 040;2010;BR-40/MG;Crescente;498,681;-19,689798;-19,691447;498,883;-44,179598;-44,179070
VIA 040;2010;BR-40/MG;Crescente;507,180;-19,756032;-19,758693;507,730;-44,140466;-44,137535
VIA 040;2010;BR-40/MG;Decrescente;508,900;-19,766347;-19,771940;509,750;-44,129162;-44,125366
VIA 040;2010;BR-40/MG;Crescente;516,800;-19,823755;-19,824205;517,000;-44,084681;-44,084582
VIA 040;2010;BR-40/MG;Crescente;525,600;-19,891138;-19,910252;528,120;-44,050380;-44,043383
VIA 040;2010;BR-40/MG;Decrescente;526,750;-19,900597;-19,916105;528,850;-44,049419;-44,039697
VIA 040;2010;BR-40/MG;Crescente;533,000;-19,926469;-19,927930;535,150;-44,006361;-44,006386
VIA 040;2010;BR-40/MG;Decrescente;533,000;-19,926522;-19,927243;535,150;-44,005936;-44,006148
VIA 040;2010;BR-40/MG;Crescente;536,805;-19,957931;-19,967028;538,000;-44,002210;-43,996189
VIA 040;2010;BR-40/MG;Decrescente;537,000;-19,959333;-19,968421;538,350;-44,001116;-43,993696
VIA 040;2010;BR-40/MG;Decrescente;540,230;-19,983238;-19,984092;540,780;-43,982524;-43,981376
VIA 040;2010;BR-40/MG;Crescente;540,620;-19,984601;-19,986677;541,180;-43,980319;-43,976068
VIA 040;2010;BR-40/MG;Decrescente;544,130;-20,002337;-20,009000;545,000;-43,964831;-43,965136
VIA 040;2010;BR-40/MG;Crescente;544,170;-20,002187;-20,004283;544,520;-43,965199;-43,964920
VIA 040;2010;BR-40/MG;Crescente;551,150;-20,057074;-20,075570;553,480;-43,974980;-43,983294
VIA 040;2010;BR-40/MG;Decrescente;551,270;-20,058220;-20,068072;552,700;-43,975462;-43,981529
VIA 040;2010;BR-40/MG;Decrescente;554,500;-20,083490;-20,103571;556,800;-43,977657;-43,974799
VIA 040;2010;BR-40/MG;Decrescente;568,100;-20,193843;-20,206388;569,350;-43,972874;-43,973599
VIA 040;2010;BR-40/MG;Decrescente;572,130;-20,231302;-20,236019;572,800;-43,968775;-43,967293
VIA 040;2010;BR-40/MG;Crescente;607,250;-20,478737;-20,483470;607,850;-43,841599;-43,839512
VIA 040;2010;BR-40/MG;Decrescente;628,830;-20,653273;-20,655862;629,450;-43,808761;-43,804412
VIA 040;2010;BR-40/MG;Crescente;628,830;-20,653146;-20,656230;629,500;-43,808907;-43,804709
VIA 040;2010;BR-40/MG;Crescente;660,250;-20,901691;-20,904670;660,570;-43,827396;-43,827999
VIA 040;2010;BR-40/MG;Crescente;701,200;-21,216941;-21,222404;703,000;-43,746331;-43,730815
VIA 040;2010;BR-40/MG;Decrescente;701,350;-21,217691;-21,220049;702,450;-43,745228;-43,735073
VIA BAHIA;2003;CONTORNO SUL  - FS/BA;Crescente;0,100;-12,273016;-12,284175;2,000;-38,936957;-38,949588
VIA BAHIA;2003;CONTORNO SUL  - FS/BA;Crescente;3,400;-12,286350;-12,284999;4,200;-38,961792;-38,969772
VIA BAHIA;2003;CONTORNO SUL  - FS/BA;Crescente;6,100;-12,275199;-12,271301;6,600;-38,983252;-38,986165
VIA BAHIA;2003;CONTORNO - VC/BA;Crescente;6,400;-14,831711;-14,844142;7,700;-40,887039;-40,889092
VIA BAHIA;2003;CONTORNO - VC/BA;Crescente;11,700;-14,873448;-14,881603;12,600;-40,871592;-40,871075
VIA BAHIA;2003;CONTORNO - VC/BA;Decrescente;19,900;-14,902594;-14,855239;25,200;-40,842490;-40,798431
VIA BAHIA;2003;CONTORNO - VC/BA;Decrescente;6,450;-14,832339;-14,843958;7,750;-40,886886;-40,888514
VIA BAHIA;2003;CONTORNO NORTE  - FS - 324/BA;Crescente;518,200;-12,273456;-12,275664;518,600;-38,934403;-38,931245
VIA BAHIA;2003;CONTORNO NORTE  - FS - 324/BA;Decrescente;519,000;-12,277810;-12,271922;519,500;-38,927964;-38,935875
VIA BAHIA;2003;BR-116/BA;Crescente;426,200;-12,269882;-12,270995;426,400;-38,991511;-38,992587
VIA BAHIA;2003;BR-116/BA;Crescente;428,750;-12,287531;-12,288342;429,750;-39,003469;-39,012561
VIA BAHIA;2003;BR-116/BA;Crescente;447,900;-12,386039;-12,390447;448,900;-39,137772;-39,145844
VIA BAHIA;2003;BR-116/BA;Crescente;459,100;-12,438242;-12,440620;459,700;-39,226467;-39,231038
VIA BAHIA;2003;BR-116/BA;Crescente;460,600;-12,443836;-12,449055;461,900;-39,237546;-39,247863
VIA BAHIA;2003;BR-116/BA;Crescente;463,250;-12,454947;-12,461975;464,950;-39,260031;-39,273964
VIA BAHIA;2003;BR-116/BA;Crescente;472,750;-12,493781;-12,494606;472,950;-39,338198;-39,339753
VIA BAHIA;2003;BR-116/BA;Crescente;494,550;-12,581171;-12,582599;494,950;-39,517139;-39,520432
VIA BAHIA;2003;BR-116/BA;Crescente;501,200;-12,611780;-12,613503;501,600;-39,566993;-39,570110
VIA BAHIA;2003;BR-116/BA;Crescente;521,300;-12,704657;-12,706242;521,700;-39,721450;-39,724814
VIA BAHIA;2003;BR-116/BA;Crescente;545,900;-12,866356;-12,879826;547,400;-39,855557;-39,857996
VIA BAHIA;2003;BR-116/BA;Crescente;573,900;-13,069817;-13,077881;574,800;-39,961089;-39,961819
VIA BAHIA;2003;BR-116/BA;Crescente;598,950;-13,227739;-13,229108;599,150;-40,018158;-40,017234
VIA BAHIA;2003;BR-116/BA;Crescente;599,800;-13,235245;-13,237756;600,100;-40,017755;-40,018089
VIA BAHIA;2003;BR-116/BA;Crescente;604,200;-13,273114;-13,274780;604,400;-40,014545;-40,014702
VIA BAHIA;2003;BR-116/BA;Crescente;631,600;-13,508470;-13,521729;633,200;-40,054506;-40,060256
VIA BAHIA;2003;BR-116/BA;Crescente;672,100;-13,852039;-13,862763;673,300;-40,114178;-40,113189
VIA BAHIA;2003;BR-116/BA;Crescente;709,050;-14,143378;-14,152878;710,250;-40,241825;-40,246999
VIA BAHIA;2003;BR-116/BA;Crescente;740,500;-14,397911;-14,399517;740,700;-40,354026;-40,354345
VIA BAHIA;2003;BR-116/BA;Crescente;757,000;-14,521414;-14,533862;758,900;-40,374317;-40,386629
VIA BAHIA;2003;BR-116/BA;Crescente;776,900;-14,669467;-14,671682;778,000;-40,472348;-40,482142
VIA BAHIA;2003;BR-116/BA;Crescente;813,100;-14,803096;-14,812570;815,300;-40,779820;-40,797690
VIA BAHIA;2003;BR-116/BA;Crescente;832,950;-14,932681;-14,939892;833,950;-40,888692;-40,893098
VIA BAHIA;2003;BR-116/BA;Crescente;869,600;-15,203756;-15,207119;870,000;-41,083558;-41,085733
VIA BAHIA;2003;BR-116/BA;Crescente;885,500;-15,328768;-15,330814;885,800;-41,156313;-41,157415
VIA BAHIA;2003;BR-116/BA;Crescente;908,550;-15,503092;-15,507872;909,150;-41,235450;-41,235525
VIA BAHIA;2003;BR-116/BA;Decrescente;428,800;-12,288047;-12,288390;429,300;-39,003472;-39,008272
VIA BAHIA;2003;BR-116/BA;Decrescente;430,500;-12,290164;-12,291825;430,900;-39,018420;-39,022114
VIA BAHIA;2003;BR-116/BA;Decrescente;447,900;-12,386222;-12,390618;448,900;-39,137542;-39,145621
VIA BAHIA;2003;BR-116/BA;Decrescente;460,600;-12,444289;-12,449775;461,900;-39,237603;-39,248777
VIA BAHIA;2003;BR-116/BA;Decrescente;465,800;-12,465494;-12,467278;466,200;-39,280344;-39,283928
VIA BAHIA;2003;BR-116/BA;Decrescente;474,700;-12,501056;-12,501597;474,800;-39,352178;-39,353225
VIA BAHIA;2003;BR-116/BA;Decrescente;484,500;-12,541739;-12,544432;485,100;-39,434619;-39,439876
VIA BAHIA;2003;BR-116/BA;Decrescente;494,600;-12,581259;-12,582919;495,000;-39,517103;-39,520461
VIA BAHIA;2003;BR-116/BA;Decrescente;518,300;-12,693450;-12,698442;519,500;-39,697649;-39,707761
VIA BAHIA;2003;BR-116/BA;Decrescente;534,300;-12,774742;-12,777025;534,600;-39,813289;-39,814642
VIA BAHIA;2003;BR-116/BA;Decrescente;545,900;-12,868098;-12,877820;547,000;-39,855520;-39,857343
VIA BAHIA;2003;BR-116/BA;Decrescente;560,600;-12,965867;-12,969214;561,100;-39,929509;-39,932056
VIA BAHIA;2003;BR-116/BA;Decrescente;574,100;-13,071459;-13,083361;575,400;-39,960947;-39,962108
VIA BAHIA;2003;BR-116/BA;Decrescente;580,700;-13,104756;-13,104574;581,100;-39,988131;-39,992172
VIA BAHIA;2003;BR-116/BA;Decrescente;628,200;-13,479698;-13,482797;628,600;-40,041563;-40,043067
VIA BAHIA;2003;BR-116/BA;Decrescente;631,600;-13,508223;-13,521751;633,200;-40,054231;-40,060124
VIA BAHIA;2003;BR-116/BA;Decrescente;672,000;-13,851355;-13,862244;673,100;-40,114124;-40,113133
VIA BAHIA;2003;BR-116/BA;Decrescente;709,000;-14,143528;-14,152460;710,100;-40,241703;-40,246554
VIA BAHIA;2003;BR-116/BA;Decrescente;727,600;-14,291989;-14,293340;727,700;-40,309737;-40,310664
VIA BAHIA;2003;BR-116/BA;Decrescente;757,000;-14,521781;-14,531061;758,400;-40,374381;-40,383597
VIA BAHIA;2003;BR-116/BA;Decrescente;776,900;-14,669683;-14,671606;777,800;-40,472211;-40,481050
VIA BAHIA;2003;BR-116/BA;Decrescente;812,900;-14,801350;-14,814533;815,900;-40,775764;-40,801008
VIA BAHIA;2003;BR-116/BA;Decrescente;833,100;-14,933294;-14,941037;834,100;-40,888833;-40,893632
VIA BAHIA;2003;BR-116/BA;Decrescente;869,600;-15,202331;-15,210003;870,500;-41,082397;-41,086978
VIA BAHIA;2003;BR-116/BA;Decrescente;885,400;-15,328117;-15,329956;885,600;-41,155461;-41,156228
VIA BAHIA;2003;BR-116/BA;Decrescente;908,550;-15,503023;-15,509003;909,250;-41,235134;-41,235050
VIA BAHIA;2003;BR-116/BA;Decrescente;912,000;-15,530901;-15,534361;912,400;-41,247048;-41,248745
VIA BAHIA;2003;CONTORNO SUL  - FS/BA;Decrescente;0,300;-12,274408;-12,285960;2,500;-38,937019;-38,953994
VIA BAHIA;2003;CONTORNO SUL  - FS/BA;Decrescente;2,900;-12,286764;-12,286894;3,400;-38,957322;-38,962181
VIA BAHIA;2003;CONTORNO SUL  - FS/BA;Decrescente;4,900;-12,282935;-12,278896;5,600;-38,975262;-38,980720
VIA BAHIA;2003;CONTORNO NORTE - FS - 116/BA;Decrescente;423,873;-12,237180;-12,232298;422,816;-38,979508;-38,971251
VIA BAHIA;2003;CONTORNO NORTE - FS - 116/BA;Crescente;423,630;-12,235632;-12,230519;422,256;-38,977927;-38,966599
VIA SUL;2019;BR-101/RS;Crescente;0,200;-29,300542;-29,318006;2,180;-49,770740;-49,774715
VIA SUL;2019;BR-101/RS;Decrescente;3,380;-29,326973;-29,300542;0,100;-49,781066;-49,770740
VIA SUL;2019;BR-101/RS;Decrescente;7,800;-29,358496;-29,340976;5,080;-49,805571;-49,785717
VIA SUL;2019;BR-101/RS;Crescente;3,000;-29,324299;-29,326673;3,320;-49,779046;-49,781000
VIA SUL;2019;BR-101/RS;Decrescente;10,750;-29,376940;-29,365981;9,000;-49,826992;-49,814111
VIA SUL;2019;BR-101/RS;Crescente;5,150;-29,341603;-29,356665;7,500;-49,786390;-49,803635
VIA SUL;2019;BR-101/RS;Decrescente;13,550;-29,395116;-29,385536;12,000;-49,846049;-49,835238
VIA SUL;2019;BR-101/RS;Crescente;8,960;-29,365892;-29,376504;10,640;-49,814159;-49,826806
VIA SUL;2019;BR-101/RS;Decrescente;20,800;-29,435251;-29,421741;18,250;-49,893798;-49,873741
VIA SUL;2019;BR-101/RS;Crescente;11,900;-29,385149;-29,397712;13,860;-49,834983;-49,849171
VIA SUL;2019;BR-101/RS;Decrescente;24,900;-29,456546;-29,442791;22,200;-49,927962;-49,905224
VIA SUL;2019;BR-101/RS;Crescente;18,150;-29,421690;-29,432963;20,450;-49,872835;-49,891727
VIA SUL;2019;BR-101/RS;Decrescente;32,500;-29,501677;-29,488571;31,000;-49,978942;-49,974813
VIA SUL;2019;BR-101/RS;Crescente;22,150;-29,442350;-29,456947;24,960;-49,905108;-49,928944
VIA SUL;2019;BR-101/RS;Decrescente;48,500;-29,597284;-29,556929;42,600;-50,078400;-50,039630
VIA SUL;2019;BR-101/RS;Crescente;30,900;-29,488050;-29,501576;32,460;-49,974780;-49,979026
VIA SUL;2019;BR-101/RS;Decrescente;63,650;-29,699528;-29,692467;62,000;-50,174441;-50,159308
VIA SUL;2019;BR-101/RS;Crescente;42,500;-29,556543;-29,597067;48,400;-50,039280;-50,078385
VIA SUL;2019;BR-101/RS;Crescente;52,000;-29,624361;-29,627108;52,350;-50,098614;-50,100515
VIA SUL;2019;BR-101/RS;Decrescente;88,420;-29,890566;-29,869582;84,800;-50,280099;-50,252008
VIA SUL;2019;BR-101/RS;Crescente;84,840;-29,869845;-29,890997;88,500;-50,252644;-50,280755
